The system is: Darwin - 24.5.0 - arm64
Compiling the C compiler identification source file "CMakeCCompilerId.c" succeeded.
Compiler: /usr/bin/clang 
Build flags: 
Id flags:  

The output was:
0


Compilation of the C compiler identification source "CMakeCCompilerId.c" produced "a.out"

The C compiler identification is AppleClang, found in "/Users/ggoshab/cpp/console-heart/out/build/Clang/CMakeFiles/3.25.1/CompilerIdC/a.out"

Compiling the CXX compiler identification source file "CMakeCXXCompilerId.cpp" succeeded.
Compiler: /usr/bin/clang++ 
Build flags: 
Id flags:  

The output was:
0


Compilation of the CXX compiler identification source "CMakeCXXCompilerId.cpp" produced "a.out"

The CXX compiler identification is AppleClang, found in "/Users/ggoshab/cpp/console-heart/out/build/Clang/CMakeFiles/3.25.1/CompilerIdCXX/a.out"

Detecting C compiler ABI info compiled with the following output:
Change Dir: /Users/ggoshab/cpp/console-heart/out/build/Clang/CMakeFiles/CMakeScratch/TryCompile-UBsnSs

Run Build Command(s):/usr/bin/make -f Makefile cmTC_0089b/fast && /Library/Developer/CommandLineTools/usr/bin/make  -f CMakeFiles/cmTC_0089b.dir/build.make CMakeFiles/cmTC_0089b.dir/build
Building C object CMakeFiles/cmTC_0089b.dir/CMakeCCompilerABI.c.o
/usr/bin/clang   -arch arm64 -isysroot /Library/Developer/CommandLineTools/SDKs/MacOSX15.5.sdk   -v -Wl,-v -MD -MT CMakeFiles/cmTC_0089b.dir/CMakeCCompilerABI.c.o -MF CMakeFiles/cmTC_0089b.dir/CMakeCCompilerABI.c.o.d -o CMakeFiles/cmTC_0089b.dir/CMakeCCompilerABI.c.o -c /opt/homebrew/Cellar/cmake/3.25.1/share/cmake/Modules/CMakeCCompilerABI.c
Apple clang version 17.0.0 (clang-1700.0.13.5)
Target: arm64-apple-darwin24.5.0
Thread model: posix
InstalledDir: /Library/Developer/CommandLineTools/usr/bin
clang: warning: -Wl,-v: 'linker' input unused [-Wunused-command-line-argument]
 "/Library/Developer/CommandLineTools/usr/bin/clang" -cc1 -triple arm64-apple-macosx15.0.0 -Wundef-prefix=TARGET_OS_ -Wdeprecated-objc-isa-usage -Werror=deprecated-objc-isa-usage -Werror=implicit-function-declaration -emit-obj -disable-free -clear-ast-before-backend -disable-llvm-verifier -discard-value-names -main-file-name CMakeCCompilerABI.c -mrelocation-model pic -pic-level 2 -mframe-pointer=non-leaf -fno-strict-return -ffp-contract=on -fno-rounding-math -funwind-tables=1 -fobjc-msgsend-selector-stubs -target-sdk-version=15.5 -fvisibility-inlines-hidden-static-local-var -fdefine-target-os-macros -fno-assume-unique-vtables -fno-modulemap-allow-subdirectory-search -target-cpu apple-m1 -target-feature +zcm -target-feature +zcz -target-feature +v8.5a -target-feature +aes -target-feature +altnzcv -target-feature +ccdp -target-feature +complxnum -target-feature +crc -target-feature +dotprod -target-feature +fp-armv8 -target-feature +fp16fml -target-feature +fptoint -target-feature +fullfp16 -target-feature +jsconv -target-feature +lse -target-feature +neon -target-feature +pauth -target-feature +perfmon -target-feature +predres -target-feature +ras -target-feature +rcpc -target-feature +rdm -target-feature +sb -target-feature +sha2 -target-feature +sha3 -target-feature +specrestrict -target-feature +ssbs -target-abi darwinpcs -debugger-tuning=lldb -fdebug-compilation-dir=/Users/ggoshab/cpp/console-heart/out/build/Clang/CMakeFiles/CMakeScratch/TryCompile-UBsnSs -target-linker-version 1167.5 -v -fcoverage-compilation-dir=/Users/ggoshab/cpp/console-heart/out/build/Clang/CMakeFiles/CMakeScratch/TryCompile-UBsnSs -resource-dir /Library/Developer/CommandLineTools/usr/lib/clang/17 -dependency-file CMakeFiles/cmTC_0089b.dir/CMakeCCompilerABI.c.o.d -skip-unused-modulemap-deps -MT CMakeFiles/cmTC_0089b.dir/CMakeCCompilerABI.c.o -sys-header-deps -isysroot /Library/Developer/CommandLineTools/SDKs/MacOSX15.5.sdk -internal-isystem /Library/Developer/CommandLineTools/SDKs/MacOSX15.5.sdk/usr/local/include -internal-isystem /Library/Developer/CommandLineTools/usr/lib/clang/17/include -internal-externc-isystem /Library/Developer/CommandLineTools/SDKs/MacOSX15.5.sdk/usr/include -internal-externc-isystem /Library/Developer/CommandLineTools/usr/include -Wno-reorder-init-list -Wno-implicit-int-float-conversion -Wno-c99-designator -Wno-final-dtor-non-final-class -Wno-extra-semi-stmt -Wno-misleading-indentation -Wno-quoted-include-in-framework-header -Wno-implicit-fallthrough -Wno-enum-enum-conversion -Wno-enum-float-conversion -Wno-elaborated-enum-base -Wno-reserved-identifier -Wno-gnu-folding-constant -ferror-limit 19 -stack-protector 1 -fstack-check -mdarwin-stkchk-strong-link -fblocks -fencode-extended-block-signature -fregister-global-dtors-with-atexit -fgnuc-version=4.2.1 -fskip-odr-check-in-gmf -fmax-type-align=16 -fcommon -clang-vendor-feature=+disableNonDependentMemberExprInCurrentInstantiation -fno-odr-hash-protocols -clang-vendor-feature=+enableAggressiveVLAFolding -clang-vendor-feature=+revert09abecef7bbf -clang-vendor-feature=+thisNoAlignAttr -clang-vendor-feature=+thisNoNullAttr -clang-vendor-feature=+disableAtImportPrivateFrameworkInImplementationError -D__GCC_HAVE_DWARF2_CFI_ASM=1 -o CMakeFiles/cmTC_0089b.dir/CMakeCCompilerABI.c.o -x c /opt/homebrew/Cellar/cmake/3.25.1/share/cmake/Modules/CMakeCCompilerABI.c
clang -cc1 version 17.0.0 (clang-1700.0.13.5) default target arm64-apple-darwin24.5.0
ignoring nonexistent directory "/Library/Developer/CommandLineTools/SDKs/MacOSX15.5.sdk/usr/local/include"
ignoring nonexistent directory "/Library/Developer/CommandLineTools/SDKs/MacOSX15.5.sdk/System/Library/SubFrameworks"
ignoring nonexistent directory "/Library/Developer/CommandLineTools/SDKs/MacOSX15.5.sdk/Library/Frameworks"
#include "..." search starts here:
#include <...> search starts here:
 /Library/Developer/CommandLineTools/usr/lib/clang/17/include
 /Library/Developer/CommandLineTools/SDKs/MacOSX15.5.sdk/usr/include
 /Library/Developer/CommandLineTools/usr/include
 /Library/Developer/CommandLineTools/SDKs/MacOSX15.5.sdk/System/Library/Frameworks (framework directory)
End of search list.
Linking C executable cmTC_0089b
/opt/homebrew/Cellar/cmake/3.25.1/bin/cmake -E cmake_link_script CMakeFiles/cmTC_0089b.dir/link.txt --verbose=1
/usr/bin/clang  -arch arm64 -isysroot /Library/Developer/CommandLineTools/SDKs/MacOSX15.5.sdk -Wl,-search_paths_first -Wl,-headerpad_max_install_names  -v -Wl,-v CMakeFiles/cmTC_0089b.dir/CMakeCCompilerABI.c.o -o cmTC_0089b 
Apple clang version 17.0.0 (clang-1700.0.13.5)
Target: arm64-apple-darwin24.5.0
Thread model: posix
InstalledDir: /Library/Developer/CommandLineTools/usr/bin
 "/Library/Developer/CommandLineTools/usr/bin/ld" -demangle -lto_library /Library/Developer/CommandLineTools/usr/lib/libLTO.dylib -dynamic -arch arm64 -platform_version macos 15.0.0 15.5 -syslibroot /Library/Developer/CommandLineTools/SDKs/MacOSX15.5.sdk -mllvm -enable-linkonceodr-outlining -o cmTC_0089b -search_paths_first -headerpad_max_install_names -v CMakeFiles/cmTC_0089b.dir/CMakeCCompilerABI.c.o -lSystem /Library/Developer/CommandLineTools/usr/lib/clang/17/lib/darwin/libclang_rt.osx.a
@(#)PROGRAM:ld PROJECT:ld-1167.5
BUILD 01:45:05 Apr 30 2025
configured to support archs: armv6 armv7 armv7s arm64 arm64e arm64_32 i386 x86_64 x86_64h armv6m armv7k armv7m armv7em
will use ld-classic for: armv6 armv7 armv7s i386 armv6m armv7k armv7m armv7em
LTO support using: LLVM version 17.0.0 (static support for 29, runtime is 29)
TAPI support using: Apple TAPI version 17.0.0 (tapi-1700.0.3.5)
Library search paths:
	/Library/Developer/CommandLineTools/SDKs/MacOSX15.5.sdk/usr/lib
	/Library/Developer/CommandLineTools/SDKs/MacOSX15.5.sdk/usr/lib/swift
Framework search paths:
	/Library/Developer/CommandLineTools/SDKs/MacOSX15.5.sdk/System/Library/Frameworks



Parsed C implicit include dir info from above output: rv=done
  found start of include info
  found start of implicit include info
    add: [/Library/Developer/CommandLineTools/usr/lib/clang/17/include]
    add: [/Library/Developer/CommandLineTools/SDKs/MacOSX15.5.sdk/usr/include]
    add: [/Library/Developer/CommandLineTools/usr/include]
  end of search list found
  collapse include dir [/Library/Developer/CommandLineTools/usr/lib/clang/17/include] ==> [/Library/Developer/CommandLineTools/usr/lib/clang/17/include]
  collapse include dir [/Library/Developer/CommandLineTools/SDKs/MacOSX15.5.sdk/usr/include] ==> [/Library/Developer/CommandLineTools/SDKs/MacOSX15.5.sdk/usr/include]
  collapse include dir [/Library/Developer/CommandLineTools/usr/include] ==> [/Library/Developer/CommandLineTools/usr/include]
  implicit include dirs: [/Library/Developer/CommandLineTools/usr/lib/clang/17/include;/Library/Developer/CommandLineTools/SDKs/MacOSX15.5.sdk/usr/include;/Library/Developer/CommandLineTools/usr/include]


Parsed C implicit link information from above output:
  link line regex: [^( *|.*[/\])(ld|CMAKE_LINK_STARTFILE-NOTFOUND|([^/\]+-)?ld|collect2)[^/\]*( |$)]
  ignore line: [Change Dir: /Users/ggoshab/cpp/console-heart/out/build/Clang/CMakeFiles/CMakeScratch/TryCompile-UBsnSs]
  ignore line: []
  ignore line: [Run Build Command(s):/usr/bin/make -f Makefile cmTC_0089b/fast && /Library/Developer/CommandLineTools/usr/bin/make  -f CMakeFiles/cmTC_0089b.dir/build.make CMakeFiles/cmTC_0089b.dir/build]
  ignore line: [Building C object CMakeFiles/cmTC_0089b.dir/CMakeCCompilerABI.c.o]
  ignore line: [/usr/bin/clang   -arch arm64 -isysroot /Library/Developer/CommandLineTools/SDKs/MacOSX15.5.sdk   -v -Wl -v -MD -MT CMakeFiles/cmTC_0089b.dir/CMakeCCompilerABI.c.o -MF CMakeFiles/cmTC_0089b.dir/CMakeCCompilerABI.c.o.d -o CMakeFiles/cmTC_0089b.dir/CMakeCCompilerABI.c.o -c /opt/homebrew/Cellar/cmake/3.25.1/share/cmake/Modules/CMakeCCompilerABI.c]
  ignore line: [Apple clang version 17.0.0 (clang-1700.0.13.5)]
  ignore line: [Target: arm64-apple-darwin24.5.0]
  ignore line: [Thread model: posix]
  ignore line: [InstalledDir: /Library/Developer/CommandLineTools/usr/bin]
  ignore line: [clang: warning: -Wl -v: 'linker' input unused [-Wunused-command-line-argument]]
  ignore line: [ "/Library/Developer/CommandLineTools/usr/bin/clang" -cc1 -triple arm64-apple-macosx15.0.0 -Wundef-prefix=TARGET_OS_ -Wdeprecated-objc-isa-usage -Werror=deprecated-objc-isa-usage -Werror=implicit-function-declaration -emit-obj -disable-free -clear-ast-before-backend -disable-llvm-verifier -discard-value-names -main-file-name CMakeCCompilerABI.c -mrelocation-model pic -pic-level 2 -mframe-pointer=non-leaf -fno-strict-return -ffp-contract=on -fno-rounding-math -funwind-tables=1 -fobjc-msgsend-selector-stubs -target-sdk-version=15.5 -fvisibility-inlines-hidden-static-local-var -fdefine-target-os-macros -fno-assume-unique-vtables -fno-modulemap-allow-subdirectory-search -target-cpu apple-m1 -target-feature +zcm -target-feature +zcz -target-feature +v8.5a -target-feature +aes -target-feature +altnzcv -target-feature +ccdp -target-feature +complxnum -target-feature +crc -target-feature +dotprod -target-feature +fp-armv8 -target-feature +fp16fml -target-feature +fptoint -target-feature +fullfp16 -target-feature +jsconv -target-feature +lse -target-feature +neon -target-feature +pauth -target-feature +perfmon -target-feature +predres -target-feature +ras -target-feature +rcpc -target-feature +rdm -target-feature +sb -target-feature +sha2 -target-feature +sha3 -target-feature +specrestrict -target-feature +ssbs -target-abi darwinpcs -debugger-tuning=lldb -fdebug-compilation-dir=/Users/ggoshab/cpp/console-heart/out/build/Clang/CMakeFiles/CMakeScratch/TryCompile-UBsnSs -target-linker-version 1167.5 -v -fcoverage-compilation-dir=/Users/ggoshab/cpp/console-heart/out/build/Clang/CMakeFiles/CMakeScratch/TryCompile-UBsnSs -resource-dir /Library/Developer/CommandLineTools/usr/lib/clang/17 -dependency-file CMakeFiles/cmTC_0089b.dir/CMakeCCompilerABI.c.o.d -skip-unused-modulemap-deps -MT CMakeFiles/cmTC_0089b.dir/CMakeCCompilerABI.c.o -sys-header-deps -isysroot /Library/Developer/CommandLineTools/SDKs/MacOSX15.5.sdk -internal-isystem /Library/Developer/CommandLineTools/SDKs/MacOSX15.5.sdk/usr/local/include -internal-isystem /Library/Developer/CommandLineTools/usr/lib/clang/17/include -internal-externc-isystem /Library/Developer/CommandLineTools/SDKs/MacOSX15.5.sdk/usr/include -internal-externc-isystem /Library/Developer/CommandLineTools/usr/include -Wno-reorder-init-list -Wno-implicit-int-float-conversion -Wno-c99-designator -Wno-final-dtor-non-final-class -Wno-extra-semi-stmt -Wno-misleading-indentation -Wno-quoted-include-in-framework-header -Wno-implicit-fallthrough -Wno-enum-enum-conversion -Wno-enum-float-conversion -Wno-elaborated-enum-base -Wno-reserved-identifier -Wno-gnu-folding-constant -ferror-limit 19 -stack-protector 1 -fstack-check -mdarwin-stkchk-strong-link -fblocks -fencode-extended-block-signature -fregister-global-dtors-with-atexit -fgnuc-version=4.2.1 -fskip-odr-check-in-gmf -fmax-type-align=16 -fcommon -clang-vendor-feature=+disableNonDependentMemberExprInCurrentInstantiation -fno-odr-hash-protocols -clang-vendor-feature=+enableAggressiveVLAFolding -clang-vendor-feature=+revert09abecef7bbf -clang-vendor-feature=+thisNoAlignAttr -clang-vendor-feature=+thisNoNullAttr -clang-vendor-feature=+disableAtImportPrivateFrameworkInImplementationError -D__GCC_HAVE_DWARF2_CFI_ASM=1 -o CMakeFiles/cmTC_0089b.dir/CMakeCCompilerABI.c.o -x c /opt/homebrew/Cellar/cmake/3.25.1/share/cmake/Modules/CMakeCCompilerABI.c]
  ignore line: [clang -cc1 version 17.0.0 (clang-1700.0.13.5) default target arm64-apple-darwin24.5.0]
  ignore line: [ignoring nonexistent directory "/Library/Developer/CommandLineTools/SDKs/MacOSX15.5.sdk/usr/local/include"]
  ignore line: [ignoring nonexistent directory "/Library/Developer/CommandLineTools/SDKs/MacOSX15.5.sdk/System/Library/SubFrameworks"]
  ignore line: [ignoring nonexistent directory "/Library/Developer/CommandLineTools/SDKs/MacOSX15.5.sdk/Library/Frameworks"]
  ignore line: [#include "..." search starts here:]
  ignore line: [#include <...> search starts here:]
  ignore line: [ /Library/Developer/CommandLineTools/usr/lib/clang/17/include]
  ignore line: [ /Library/Developer/CommandLineTools/SDKs/MacOSX15.5.sdk/usr/include]
  ignore line: [ /Library/Developer/CommandLineTools/usr/include]
  ignore line: [ /Library/Developer/CommandLineTools/SDKs/MacOSX15.5.sdk/System/Library/Frameworks (framework directory)]
  ignore line: [End of search list.]
  ignore line: [Linking C executable cmTC_0089b]
  ignore line: [/opt/homebrew/Cellar/cmake/3.25.1/bin/cmake -E cmake_link_script CMakeFiles/cmTC_0089b.dir/link.txt --verbose=1]
  ignore line: [/usr/bin/clang  -arch arm64 -isysroot /Library/Developer/CommandLineTools/SDKs/MacOSX15.5.sdk -Wl -search_paths_first -Wl -headerpad_max_install_names  -v -Wl -v CMakeFiles/cmTC_0089b.dir/CMakeCCompilerABI.c.o -o cmTC_0089b ]
  ignore line: [Apple clang version 17.0.0 (clang-1700.0.13.5)]
  ignore line: [Target: arm64-apple-darwin24.5.0]
  ignore line: [Thread model: posix]
  ignore line: [InstalledDir: /Library/Developer/CommandLineTools/usr/bin]
  link line: [ "/Library/Developer/CommandLineTools/usr/bin/ld" -demangle -lto_library /Library/Developer/CommandLineTools/usr/lib/libLTO.dylib -dynamic -arch arm64 -platform_version macos 15.0.0 15.5 -syslibroot /Library/Developer/CommandLineTools/SDKs/MacOSX15.5.sdk -mllvm -enable-linkonceodr-outlining -o cmTC_0089b -search_paths_first -headerpad_max_install_names -v CMakeFiles/cmTC_0089b.dir/CMakeCCompilerABI.c.o -lSystem /Library/Developer/CommandLineTools/usr/lib/clang/17/lib/darwin/libclang_rt.osx.a]
    arg [/Library/Developer/CommandLineTools/usr/bin/ld] ==> ignore
    arg [-demangle] ==> ignore
    arg [-lto_library] ==> ignore, skip following value
    arg [/Library/Developer/CommandLineTools/usr/lib/libLTO.dylib] ==> skip value of -lto_library
    arg [-dynamic] ==> ignore
    arg [-arch] ==> ignore
    arg [arm64] ==> ignore
    arg [-platform_version] ==> ignore
    arg [macos] ==> ignore
    arg [15.0.0] ==> ignore
    arg [15.5] ==> ignore
    arg [-syslibroot] ==> ignore
    arg [/Library/Developer/CommandLineTools/SDKs/MacOSX15.5.sdk] ==> ignore
    arg [-mllvm] ==> ignore
    arg [-enable-linkonceodr-outlining] ==> ignore
    arg [-o] ==> ignore
    arg [cmTC_0089b] ==> ignore
    arg [-search_paths_first] ==> ignore
    arg [-headerpad_max_install_names] ==> ignore
    arg [-v] ==> ignore
    arg [CMakeFiles/cmTC_0089b.dir/CMakeCCompilerABI.c.o] ==> ignore
    arg [-lSystem] ==> lib [System]
    arg [/Library/Developer/CommandLineTools/usr/lib/clang/17/lib/darwin/libclang_rt.osx.a] ==> lib [/Library/Developer/CommandLineTools/usr/lib/clang/17/lib/darwin/libclang_rt.osx.a]
  Library search paths: [;/Library/Developer/CommandLineTools/SDKs/MacOSX15.5.sdk/usr/lib;/Library/Developer/CommandLineTools/SDKs/MacOSX15.5.sdk/usr/lib/swift]
  Framework search paths: [;/Library/Developer/CommandLineTools/SDKs/MacOSX15.5.sdk/System/Library/Frameworks]
  remove lib [System]
  remove lib [/Library/Developer/CommandLineTools/usr/lib/clang/17/lib/darwin/libclang_rt.osx.a]
  collapse library dir [/Library/Developer/CommandLineTools/SDKs/MacOSX15.5.sdk/usr/lib] ==> [/Library/Developer/CommandLineTools/SDKs/MacOSX15.5.sdk/usr/lib]
  collapse library dir [/Library/Developer/CommandLineTools/SDKs/MacOSX15.5.sdk/usr/lib/swift] ==> [/Library/Developer/CommandLineTools/SDKs/MacOSX15.5.sdk/usr/lib/swift]
  collapse framework dir [/Library/Developer/CommandLineTools/SDKs/MacOSX15.5.sdk/System/Library/Frameworks] ==> [/Library/Developer/CommandLineTools/SDKs/MacOSX15.5.sdk/System/Library/Frameworks]
  implicit libs: []
  implicit objs: []
  implicit dirs: [/Library/Developer/CommandLineTools/SDKs/MacOSX15.5.sdk/usr/lib;/Library/Developer/CommandLineTools/SDKs/MacOSX15.5.sdk/usr/lib/swift]
  implicit fwks: [/Library/Developer/CommandLineTools/SDKs/MacOSX15.5.sdk/System/Library/Frameworks]


Detecting CXX compiler ABI info compiled with the following output:
Change Dir: /Users/ggoshab/cpp/console-heart/out/build/Clang/CMakeFiles/CMakeScratch/TryCompile-Xkp7O1

Run Build Command(s):/usr/bin/make -f Makefile cmTC_4c2f2/fast && /Library/Developer/CommandLineTools/usr/bin/make  -f CMakeFiles/cmTC_4c2f2.dir/build.make CMakeFiles/cmTC_4c2f2.dir/build
Building CXX object CMakeFiles/cmTC_4c2f2.dir/CMakeCXXCompilerABI.cpp.o
/usr/bin/clang++   -arch arm64 -isysroot /Library/Developer/CommandLineTools/SDKs/MacOSX15.5.sdk   -v -Wl,-v -MD -MT CMakeFiles/cmTC_4c2f2.dir/CMakeCXXCompilerABI.cpp.o -MF CMakeFiles/cmTC_4c2f2.dir/CMakeCXXCompilerABI.cpp.o.d -o CMakeFiles/cmTC_4c2f2.dir/CMakeCXXCompilerABI.cpp.o -c /opt/homebrew/Cellar/cmake/3.25.1/share/cmake/Modules/CMakeCXXCompilerABI.cpp
Apple clang version 17.0.0 (clang-1700.0.13.5)
Target: arm64-apple-darwin24.5.0
Thread model: posix
InstalledDir: /Library/Developer/CommandLineTools/usr/bin
clang++: warning: -Wl,-v: 'linker' input unused [-Wunused-command-line-argument]
ignoring nonexistent directory "/Library/Developer/CommandLineTools/usr/bin/../include/c++/v1"
 "/Library/Developer/CommandLineTools/usr/bin/clang" -cc1 -triple arm64-apple-macosx15.0.0 -Wundef-prefix=TARGET_OS_ -Wdeprecated-objc-isa-usage -Werror=deprecated-objc-isa-usage -Werror=implicit-function-declaration -emit-obj -disable-free -clear-ast-before-backend -disable-llvm-verifier -discard-value-names -main-file-name CMakeCXXCompilerABI.cpp -mrelocation-model pic -pic-level 2 -mframe-pointer=non-leaf -fno-strict-return -ffp-contract=on -fno-rounding-math -funwind-tables=1 -fobjc-msgsend-selector-stubs -target-sdk-version=15.5 -fvisibility-inlines-hidden-static-local-var -fdefine-target-os-macros -fno-assume-unique-vtables -fno-modulemap-allow-subdirectory-search -target-cpu apple-m1 -target-feature +zcm -target-feature +zcz -target-feature +v8.5a -target-feature +aes -target-feature +altnzcv -target-feature +ccdp -target-feature +complxnum -target-feature +crc -target-feature +dotprod -target-feature +fp-armv8 -target-feature +fp16fml -target-feature +fptoint -target-feature +fullfp16 -target-feature +jsconv -target-feature +lse -target-feature +neon -target-feature +pauth -target-feature +perfmon -target-feature +predres -target-feature +ras -target-feature +rcpc -target-feature +rdm -target-feature +sb -target-feature +sha2 -target-feature +sha3 -target-feature +specrestrict -target-feature +ssbs -target-abi darwinpcs -debugger-tuning=lldb -fdebug-compilation-dir=/Users/ggoshab/cpp/console-heart/out/build/Clang/CMakeFiles/CMakeScratch/TryCompile-Xkp7O1 -target-linker-version 1167.5 -v -fcoverage-compilation-dir=/Users/ggoshab/cpp/console-heart/out/build/Clang/CMakeFiles/CMakeScratch/TryCompile-Xkp7O1 -resource-dir /Library/Developer/CommandLineTools/usr/lib/clang/17 -dependency-file CMakeFiles/cmTC_4c2f2.dir/CMakeCXXCompilerABI.cpp.o.d -skip-unused-modulemap-deps -MT CMakeFiles/cmTC_4c2f2.dir/CMakeCXXCompilerABI.cpp.o -sys-header-deps -isysroot /Library/Developer/CommandLineTools/SDKs/MacOSX15.5.sdk -internal-isystem /Library/Developer/CommandLineTools/SDKs/MacOSX15.5.sdk/usr/include/c++/v1 -internal-isystem /Library/Developer/CommandLineTools/SDKs/MacOSX15.5.sdk/usr/local/include -internal-isystem /Library/Developer/CommandLineTools/usr/lib/clang/17/include -internal-externc-isystem /Library/Developer/CommandLineTools/SDKs/MacOSX15.5.sdk/usr/include -internal-externc-isystem /Library/Developer/CommandLineTools/usr/include -Wno-reorder-init-list -Wno-implicit-int-float-conversion -Wno-c99-designator -Wno-final-dtor-non-final-class -Wno-extra-semi-stmt -Wno-misleading-indentation -Wno-quoted-include-in-framework-header -Wno-implicit-fallthrough -Wno-enum-enum-conversion -Wno-enum-float-conversion -Wno-elaborated-enum-base -Wno-reserved-identifier -Wno-gnu-folding-constant -fdeprecated-macro -ferror-limit 19 -stack-protector 1 -fstack-check -mdarwin-stkchk-strong-link -fblocks -fencode-extended-block-signature -fregister-global-dtors-with-atexit -fgnuc-version=4.2.1 -fno-cxx-modules -fskip-odr-check-in-gmf -fcxx-exceptions -fexceptions -fmax-type-align=16 -fcommon -clang-vendor-feature=+disableNonDependentMemberExprInCurrentInstantiation -fno-odr-hash-protocols -clang-vendor-feature=+enableAggressiveVLAFolding -clang-vendor-feature=+revert09abecef7bbf -clang-vendor-feature=+thisNoAlignAttr -clang-vendor-feature=+thisNoNullAttr -clang-vendor-feature=+disableAtImportPrivateFrameworkInImplementationError -D__GCC_HAVE_DWARF2_CFI_ASM=1 -o CMakeFiles/cmTC_4c2f2.dir/CMakeCXXCompilerABI.cpp.o -x c++ /opt/homebrew/Cellar/cmake/3.25.1/share/cmake/Modules/CMakeCXXCompilerABI.cpp
clang -cc1 version 17.0.0 (clang-1700.0.13.5) default target arm64-apple-darwin24.5.0
ignoring nonexistent directory "/Library/Developer/CommandLineTools/SDKs/MacOSX15.5.sdk/usr/local/include"
ignoring nonexistent directory "/Library/Developer/CommandLineTools/SDKs/MacOSX15.5.sdk/System/Library/SubFrameworks"
ignoring nonexistent directory "/Library/Developer/CommandLineTools/SDKs/MacOSX15.5.sdk/Library/Frameworks"
#include "..." search starts here:
#include <...> search starts here:
 /Library/Developer/CommandLineTools/SDKs/MacOSX15.5.sdk/usr/include/c++/v1
 /Library/Developer/CommandLineTools/usr/lib/clang/17/include
 /Library/Developer/CommandLineTools/SDKs/MacOSX15.5.sdk/usr/include
 /Library/Developer/CommandLineTools/usr/include
 /Library/Developer/CommandLineTools/SDKs/MacOSX15.5.sdk/System/Library/Frameworks (framework directory)
End of search list.
Linking CXX executable cmTC_4c2f2
/opt/homebrew/Cellar/cmake/3.25.1/bin/cmake -E cmake_link_script CMakeFiles/cmTC_4c2f2.dir/link.txt --verbose=1
/usr/bin/clang++  -arch arm64 -isysroot /Library/Developer/CommandLineTools/SDKs/MacOSX15.5.sdk -Wl,-search_paths_first -Wl,-headerpad_max_install_names  -v -Wl,-v CMakeFiles/cmTC_4c2f2.dir/CMakeCXXCompilerABI.cpp.o -o cmTC_4c2f2 
Apple clang version 17.0.0 (clang-1700.0.13.5)
Target: arm64-apple-darwin24.5.0
Thread model: posix
InstalledDir: /Library/Developer/CommandLineTools/usr/bin
 "/Library/Developer/CommandLineTools/usr/bin/ld" -demangle -lto_library /Library/Developer/CommandLineTools/usr/lib/libLTO.dylib -dynamic -arch arm64 -platform_version macos 15.0.0 15.5 -syslibroot /Library/Developer/CommandLineTools/SDKs/MacOSX15.5.sdk -mllvm -enable-linkonceodr-outlining -o cmTC_4c2f2 -search_paths_first -headerpad_max_install_names -v CMakeFiles/cmTC_4c2f2.dir/CMakeCXXCompilerABI.cpp.o -lc++ -lSystem /Library/Developer/CommandLineTools/usr/lib/clang/17/lib/darwin/libclang_rt.osx.a
@(#)PROGRAM:ld PROJECT:ld-1167.5
BUILD 01:45:05 Apr 30 2025
configured to support archs: armv6 armv7 armv7s arm64 arm64e arm64_32 i386 x86_64 x86_64h armv6m armv7k armv7m armv7em
will use ld-classic for: armv6 armv7 armv7s i386 armv6m armv7k armv7m armv7em
LTO support using: LLVM version 17.0.0 (static support for 29, runtime is 29)
TAPI support using: Apple TAPI version 17.0.0 (tapi-1700.0.3.5)
Library search paths:
	/Library/Developer/CommandLineTools/SDKs/MacOSX15.5.sdk/usr/lib
	/Library/Developer/CommandLineTools/SDKs/MacOSX15.5.sdk/usr/lib/swift
Framework search paths:
	/Library/Developer/CommandLineTools/SDKs/MacOSX15.5.sdk/System/Library/Frameworks



Parsed CXX implicit include dir info from above output: rv=done
  found start of include info
  found start of implicit include info
    add: [/Library/Developer/CommandLineTools/SDKs/MacOSX15.5.sdk/usr/include/c++/v1]
    add: [/Library/Developer/CommandLineTools/usr/lib/clang/17/include]
    add: [/Library/Developer/CommandLineTools/SDKs/MacOSX15.5.sdk/usr/include]
    add: [/Library/Developer/CommandLineTools/usr/include]
  end of search list found
  collapse include dir [/Library/Developer/CommandLineTools/SDKs/MacOSX15.5.sdk/usr/include/c++/v1] ==> [/Library/Developer/CommandLineTools/SDKs/MacOSX15.5.sdk/usr/include/c++/v1]
  collapse include dir [/Library/Developer/CommandLineTools/usr/lib/clang/17/include] ==> [/Library/Developer/CommandLineTools/usr/lib/clang/17/include]
  collapse include dir [/Library/Developer/CommandLineTools/SDKs/MacOSX15.5.sdk/usr/include] ==> [/Library/Developer/CommandLineTools/SDKs/MacOSX15.5.sdk/usr/include]
  collapse include dir [/Library/Developer/CommandLineTools/usr/include] ==> [/Library/Developer/CommandLineTools/usr/include]
  implicit include dirs: [/Library/Developer/CommandLineTools/SDKs/MacOSX15.5.sdk/usr/include/c++/v1;/Library/Developer/CommandLineTools/usr/lib/clang/17/include;/Library/Developer/CommandLineTools/SDKs/MacOSX15.5.sdk/usr/include;/Library/Developer/CommandLineTools/usr/include]


Parsed CXX implicit link information from above output:
  link line regex: [^( *|.*[/\])(ld|CMAKE_LINK_STARTFILE-NOTFOUND|([^/\]+-)?ld|collect2)[^/\]*( |$)]
  ignore line: [Change Dir: /Users/ggoshab/cpp/console-heart/out/build/Clang/CMakeFiles/CMakeScratch/TryCompile-Xkp7O1]
  ignore line: []
  ignore line: [Run Build Command(s):/usr/bin/make -f Makefile cmTC_4c2f2/fast && /Library/Developer/CommandLineTools/usr/bin/make  -f CMakeFiles/cmTC_4c2f2.dir/build.make CMakeFiles/cmTC_4c2f2.dir/build]
  ignore line: [Building CXX object CMakeFiles/cmTC_4c2f2.dir/CMakeCXXCompilerABI.cpp.o]
  ignore line: [/usr/bin/clang++   -arch arm64 -isysroot /Library/Developer/CommandLineTools/SDKs/MacOSX15.5.sdk   -v -Wl -v -MD -MT CMakeFiles/cmTC_4c2f2.dir/CMakeCXXCompilerABI.cpp.o -MF CMakeFiles/cmTC_4c2f2.dir/CMakeCXXCompilerABI.cpp.o.d -o CMakeFiles/cmTC_4c2f2.dir/CMakeCXXCompilerABI.cpp.o -c /opt/homebrew/Cellar/cmake/3.25.1/share/cmake/Modules/CMakeCXXCompilerABI.cpp]
  ignore line: [Apple clang version 17.0.0 (clang-1700.0.13.5)]
  ignore line: [Target: arm64-apple-darwin24.5.0]
  ignore line: [Thread model: posix]
  ignore line: [InstalledDir: /Library/Developer/CommandLineTools/usr/bin]
  ignore line: [clang++: warning: -Wl -v: 'linker' input unused [-Wunused-command-line-argument]]
  ignore line: [ignoring nonexistent directory "/Library/Developer/CommandLineTools/usr/bin/../include/c++/v1"]
  ignore line: [ "/Library/Developer/CommandLineTools/usr/bin/clang" -cc1 -triple arm64-apple-macosx15.0.0 -Wundef-prefix=TARGET_OS_ -Wdeprecated-objc-isa-usage -Werror=deprecated-objc-isa-usage -Werror=implicit-function-declaration -emit-obj -disable-free -clear-ast-before-backend -disable-llvm-verifier -discard-value-names -main-file-name CMakeCXXCompilerABI.cpp -mrelocation-model pic -pic-level 2 -mframe-pointer=non-leaf -fno-strict-return -ffp-contract=on -fno-rounding-math -funwind-tables=1 -fobjc-msgsend-selector-stubs -target-sdk-version=15.5 -fvisibility-inlines-hidden-static-local-var -fdefine-target-os-macros -fno-assume-unique-vtables -fno-modulemap-allow-subdirectory-search -target-cpu apple-m1 -target-feature +zcm -target-feature +zcz -target-feature +v8.5a -target-feature +aes -target-feature +altnzcv -target-feature +ccdp -target-feature +complxnum -target-feature +crc -target-feature +dotprod -target-feature +fp-armv8 -target-feature +fp16fml -target-feature +fptoint -target-feature +fullfp16 -target-feature +jsconv -target-feature +lse -target-feature +neon -target-feature +pauth -target-feature +perfmon -target-feature +predres -target-feature +ras -target-feature +rcpc -target-feature +rdm -target-feature +sb -target-feature +sha2 -target-feature +sha3 -target-feature +specrestrict -target-feature +ssbs -target-abi darwinpcs -debugger-tuning=lldb -fdebug-compilation-dir=/Users/ggoshab/cpp/console-heart/out/build/Clang/CMakeFiles/CMakeScratch/TryCompile-Xkp7O1 -target-linker-version 1167.5 -v -fcoverage-compilation-dir=/Users/ggoshab/cpp/console-heart/out/build/Clang/CMakeFiles/CMakeScratch/TryCompile-Xkp7O1 -resource-dir /Library/Developer/CommandLineTools/usr/lib/clang/17 -dependency-file CMakeFiles/cmTC_4c2f2.dir/CMakeCXXCompilerABI.cpp.o.d -skip-unused-modulemap-deps -MT CMakeFiles/cmTC_4c2f2.dir/CMakeCXXCompilerABI.cpp.o -sys-header-deps -isysroot /Library/Developer/CommandLineTools/SDKs/MacOSX15.5.sdk -internal-isystem /Library/Developer/CommandLineTools/SDKs/MacOSX15.5.sdk/usr/include/c++/v1 -internal-isystem /Library/Developer/CommandLineTools/SDKs/MacOSX15.5.sdk/usr/local/include -internal-isystem /Library/Developer/CommandLineTools/usr/lib/clang/17/include -internal-externc-isystem /Library/Developer/CommandLineTools/SDKs/MacOSX15.5.sdk/usr/include -internal-externc-isystem /Library/Developer/CommandLineTools/usr/include -Wno-reorder-init-list -Wno-implicit-int-float-conversion -Wno-c99-designator -Wno-final-dtor-non-final-class -Wno-extra-semi-stmt -Wno-misleading-indentation -Wno-quoted-include-in-framework-header -Wno-implicit-fallthrough -Wno-enum-enum-conversion -Wno-enum-float-conversion -Wno-elaborated-enum-base -Wno-reserved-identifier -Wno-gnu-folding-constant -fdeprecated-macro -ferror-limit 19 -stack-protector 1 -fstack-check -mdarwin-stkchk-strong-link -fblocks -fencode-extended-block-signature -fregister-global-dtors-with-atexit -fgnuc-version=4.2.1 -fno-cxx-modules -fskip-odr-check-in-gmf -fcxx-exceptions -fexceptions -fmax-type-align=16 -fcommon -clang-vendor-feature=+disableNonDependentMemberExprInCurrentInstantiation -fno-odr-hash-protocols -clang-vendor-feature=+enableAggressiveVLAFolding -clang-vendor-feature=+revert09abecef7bbf -clang-vendor-feature=+thisNoAlignAttr -clang-vendor-feature=+thisNoNullAttr -clang-vendor-feature=+disableAtImportPrivateFrameworkInImplementationError -D__GCC_HAVE_DWARF2_CFI_ASM=1 -o CMakeFiles/cmTC_4c2f2.dir/CMakeCXXCompilerABI.cpp.o -x c++ /opt/homebrew/Cellar/cmake/3.25.1/share/cmake/Modules/CMakeCXXCompilerABI.cpp]
  ignore line: [clang -cc1 version 17.0.0 (clang-1700.0.13.5) default target arm64-apple-darwin24.5.0]
  ignore line: [ignoring nonexistent directory "/Library/Developer/CommandLineTools/SDKs/MacOSX15.5.sdk/usr/local/include"]
  ignore line: [ignoring nonexistent directory "/Library/Developer/CommandLineTools/SDKs/MacOSX15.5.sdk/System/Library/SubFrameworks"]
  ignore line: [ignoring nonexistent directory "/Library/Developer/CommandLineTools/SDKs/MacOSX15.5.sdk/Library/Frameworks"]
  ignore line: [#include "..." search starts here:]
  ignore line: [#include <...> search starts here:]
  ignore line: [ /Library/Developer/CommandLineTools/SDKs/MacOSX15.5.sdk/usr/include/c++/v1]
  ignore line: [ /Library/Developer/CommandLineTools/usr/lib/clang/17/include]
  ignore line: [ /Library/Developer/CommandLineTools/SDKs/MacOSX15.5.sdk/usr/include]
  ignore line: [ /Library/Developer/CommandLineTools/usr/include]
  ignore line: [ /Library/Developer/CommandLineTools/SDKs/MacOSX15.5.sdk/System/Library/Frameworks (framework directory)]
  ignore line: [End of search list.]
  ignore line: [Linking CXX executable cmTC_4c2f2]
  ignore line: [/opt/homebrew/Cellar/cmake/3.25.1/bin/cmake -E cmake_link_script CMakeFiles/cmTC_4c2f2.dir/link.txt --verbose=1]
  ignore line: [/usr/bin/clang++  -arch arm64 -isysroot /Library/Developer/CommandLineTools/SDKs/MacOSX15.5.sdk -Wl -search_paths_first -Wl -headerpad_max_install_names  -v -Wl -v CMakeFiles/cmTC_4c2f2.dir/CMakeCXXCompilerABI.cpp.o -o cmTC_4c2f2 ]
  ignore line: [Apple clang version 17.0.0 (clang-1700.0.13.5)]
  ignore line: [Target: arm64-apple-darwin24.5.0]
  ignore line: [Thread model: posix]
  ignore line: [InstalledDir: /Library/Developer/CommandLineTools/usr/bin]
  link line: [ "/Library/Developer/CommandLineTools/usr/bin/ld" -demangle -lto_library /Library/Developer/CommandLineTools/usr/lib/libLTO.dylib -dynamic -arch arm64 -platform_version macos 15.0.0 15.5 -syslibroot /Library/Developer/CommandLineTools/SDKs/MacOSX15.5.sdk -mllvm -enable-linkonceodr-outlining -o cmTC_4c2f2 -search_paths_first -headerpad_max_install_names -v CMakeFiles/cmTC_4c2f2.dir/CMakeCXXCompilerABI.cpp.o -lc++ -lSystem /Library/Developer/CommandLineTools/usr/lib/clang/17/lib/darwin/libclang_rt.osx.a]
    arg [/Library/Developer/CommandLineTools/usr/bin/ld] ==> ignore
    arg [-demangle] ==> ignore
    arg [-lto_library] ==> ignore, skip following value
    arg [/Library/Developer/CommandLineTools/usr/lib/libLTO.dylib] ==> skip value of -lto_library
    arg [-dynamic] ==> ignore
    arg [-arch] ==> ignore
    arg [arm64] ==> ignore
    arg [-platform_version] ==> ignore
    arg [macos] ==> ignore
    arg [15.0.0] ==> ignore
    arg [15.5] ==> ignore
    arg [-syslibroot] ==> ignore
    arg [/Library/Developer/CommandLineTools/SDKs/MacOSX15.5.sdk] ==> ignore
    arg [-mllvm] ==> ignore
    arg [-enable-linkonceodr-outlining] ==> ignore
    arg [-o] ==> ignore
    arg [cmTC_4c2f2] ==> ignore
    arg [-search_paths_first] ==> ignore
    arg [-headerpad_max_install_names] ==> ignore
    arg [-v] ==> ignore
    arg [CMakeFiles/cmTC_4c2f2.dir/CMakeCXXCompilerABI.cpp.o] ==> ignore
    arg [-lc++] ==> lib [c++]
    arg [-lSystem] ==> lib [System]
    arg [/Library/Developer/CommandLineTools/usr/lib/clang/17/lib/darwin/libclang_rt.osx.a] ==> lib [/Library/Developer/CommandLineTools/usr/lib/clang/17/lib/darwin/libclang_rt.osx.a]
  Library search paths: [;/Library/Developer/CommandLineTools/SDKs/MacOSX15.5.sdk/usr/lib;/Library/Developer/CommandLineTools/SDKs/MacOSX15.5.sdk/usr/lib/swift]
  Framework search paths: [;/Library/Developer/CommandLineTools/SDKs/MacOSX15.5.sdk/System/Library/Frameworks]
  remove lib [System]
  remove lib [/Library/Developer/CommandLineTools/usr/lib/clang/17/lib/darwin/libclang_rt.osx.a]
  collapse library dir [/Library/Developer/CommandLineTools/SDKs/MacOSX15.5.sdk/usr/lib] ==> [/Library/Developer/CommandLineTools/SDKs/MacOSX15.5.sdk/usr/lib]
  collapse library dir [/Library/Developer/CommandLineTools/SDKs/MacOSX15.5.sdk/usr/lib/swift] ==> [/Library/Developer/CommandLineTools/SDKs/MacOSX15.5.sdk/usr/lib/swift]
  collapse framework dir [/Library/Developer/CommandLineTools/SDKs/MacOSX15.5.sdk/System/Library/Frameworks] ==> [/Library/Developer/CommandLineTools/SDKs/MacOSX15.5.sdk/System/Library/Frameworks]
  implicit libs: [c++]
  implicit objs: []
  implicit dirs: [/Library/Developer/CommandLineTools/SDKs/MacOSX15.5.sdk/usr/lib;/Library/Developer/CommandLineTools/SDKs/MacOSX15.5.sdk/usr/lib/swift]
  implicit fwks: [/Library/Developer/CommandLineTools/SDKs/MacOSX15.5.sdk/System/Library/Frameworks]


The system is: Darwin - 24.5.0 - arm64
Compiling the C compiler identification source file "CMakeCCompilerId.c" succeeded.
Compiler: /usr/bin/clang 
Build flags: 
Id flags:  

The output was:
0


Compilation of the C compiler identification source "CMakeCCompilerId.c" produced "a.out"

The C compiler identification is AppleClang, found in "/Users/ggoshab/cpp/console-heart/out/build/Clang/CMakeFiles/3.25.1/CompilerIdC/a.out"

Compiling the CXX compiler identification source file "CMakeCXXCompilerId.cpp" succeeded.
Compiler: /usr/bin/clang++ 
Build flags: 
Id flags:  

The output was:
0


Compilation of the CXX compiler identification source "CMakeCXXCompilerId.cpp" produced "a.out"

The CXX compiler identification is AppleClang, found in "/Users/ggoshab/cpp/console-heart/out/build/Clang/CMakeFiles/3.25.1/CompilerIdCXX/a.out"

Detecting C compiler ABI info compiled with the following output:
Change Dir: /Users/ggoshab/cpp/console-heart/out/build/Clang/CMakeFiles/CMakeScratch/TryCompile-PdD6ok

Run Build Command(s):/usr/bin/make -f Makefile cmTC_ebe80/fast && /Library/Developer/CommandLineTools/usr/bin/make  -f CMakeFiles/cmTC_ebe80.dir/build.make CMakeFiles/cmTC_ebe80.dir/build
Building C object CMakeFiles/cmTC_ebe80.dir/CMakeCCompilerABI.c.o
/usr/bin/clang   -arch arm64 -isysroot /Library/Developer/CommandLineTools/SDKs/MacOSX15.5.sdk   -v -Wl,-v -MD -MT CMakeFiles/cmTC_ebe80.dir/CMakeCCompilerABI.c.o -MF CMakeFiles/cmTC_ebe80.dir/CMakeCCompilerABI.c.o.d -o CMakeFiles/cmTC_ebe80.dir/CMakeCCompilerABI.c.o -c /opt/homebrew/Cellar/cmake/3.25.1/share/cmake/Modules/CMakeCCompilerABI.c
Apple clang version 17.0.0 (clang-1700.0.13.5)
Target: arm64-apple-darwin24.5.0
Thread model: posix
InstalledDir: /Library/Developer/CommandLineTools/usr/bin
clang: warning: -Wl,-v: 'linker' input unused [-Wunused-command-line-argument]
 "/Library/Developer/CommandLineTools/usr/bin/clang" -cc1 -triple arm64-apple-macosx15.0.0 -Wundef-prefix=TARGET_OS_ -Wdeprecated-objc-isa-usage -Werror=deprecated-objc-isa-usage -Werror=implicit-function-declaration -emit-obj -disable-free -clear-ast-before-backend -disable-llvm-verifier -discard-value-names -main-file-name CMakeCCompilerABI.c -mrelocation-model pic -pic-level 2 -mframe-pointer=non-leaf -fno-strict-return -ffp-contract=on -fno-rounding-math -funwind-tables=1 -fobjc-msgsend-selector-stubs -target-sdk-version=15.5 -fvisibility-inlines-hidden-static-local-var -fdefine-target-os-macros -fno-assume-unique-vtables -fno-modulemap-allow-subdirectory-search -target-cpu apple-m1 -target-feature +zcm -target-feature +zcz -target-feature +v8.5a -target-feature +aes -target-feature +altnzcv -target-feature +ccdp -target-feature +complxnum -target-feature +crc -target-feature +dotprod -target-feature +fp-armv8 -target-feature +fp16fml -target-feature +fptoint -target-feature +fullfp16 -target-feature +jsconv -target-feature +lse -target-feature +neon -target-feature +pauth -target-feature +perfmon -target-feature +predres -target-feature +ras -target-feature +rcpc -target-feature +rdm -target-feature +sb -target-feature +sha2 -target-feature +sha3 -target-feature +specrestrict -target-feature +ssbs -target-abi darwinpcs -debugger-tuning=lldb -fdebug-compilation-dir=/Users/ggoshab/cpp/console-heart/out/build/Clang/CMakeFiles/CMakeScratch/TryCompile-PdD6ok -target-linker-version 1167.5 -v -fcoverage-compilation-dir=/Users/ggoshab/cpp/console-heart/out/build/Clang/CMakeFiles/CMakeScratch/TryCompile-PdD6ok -resource-dir /Library/Developer/CommandLineTools/usr/lib/clang/17 -dependency-file CMakeFiles/cmTC_ebe80.dir/CMakeCCompilerABI.c.o.d -skip-unused-modulemap-deps -MT CMakeFiles/cmTC_ebe80.dir/CMakeCCompilerABI.c.o -sys-header-deps -isysroot /Library/Developer/CommandLineTools/SDKs/MacOSX15.5.sdk -internal-isystem /Library/Developer/CommandLineTools/SDKs/MacOSX15.5.sdk/usr/local/include -internal-isystem /Library/Developer/CommandLineTools/usr/lib/clang/17/include -internal-externc-isystem /Library/Developer/CommandLineTools/SDKs/MacOSX15.5.sdk/usr/include -internal-externc-isystem /Library/Developer/CommandLineTools/usr/include -Wno-reorder-init-list -Wno-implicit-int-float-conversion -Wno-c99-designator -Wno-final-dtor-non-final-class -Wno-extra-semi-stmt -Wno-misleading-indentation -Wno-quoted-include-in-framework-header -Wno-implicit-fallthrough -Wno-enum-enum-conversion -Wno-enum-float-conversion -Wno-elaborated-enum-base -Wno-reserved-identifier -Wno-gnu-folding-constant -ferror-limit 19 -stack-protector 1 -fstack-check -mdarwin-stkchk-strong-link -fblocks -fencode-extended-block-signature -fregister-global-dtors-with-atexit -fgnuc-version=4.2.1 -fskip-odr-check-in-gmf -fmax-type-align=16 -fcommon -clang-vendor-feature=+disableNonDependentMemberExprInCurrentInstantiation -fno-odr-hash-protocols -clang-vendor-feature=+enableAggressiveVLAFolding -clang-vendor-feature=+revert09abecef7bbf -clang-vendor-feature=+thisNoAlignAttr -clang-vendor-feature=+thisNoNullAttr -clang-vendor-feature=+disableAtImportPrivateFrameworkInImplementationError -D__GCC_HAVE_DWARF2_CFI_ASM=1 -o CMakeFiles/cmTC_ebe80.dir/CMakeCCompilerABI.c.o -x c /opt/homebrew/Cellar/cmake/3.25.1/share/cmake/Modules/CMakeCCompilerABI.c
clang -cc1 version 17.0.0 (clang-1700.0.13.5) default target arm64-apple-darwin24.5.0
ignoring nonexistent directory "/Library/Developer/CommandLineTools/SDKs/MacOSX15.5.sdk/usr/local/include"
ignoring nonexistent directory "/Library/Developer/CommandLineTools/SDKs/MacOSX15.5.sdk/System/Library/SubFrameworks"
ignoring nonexistent directory "/Library/Developer/CommandLineTools/SDKs/MacOSX15.5.sdk/Library/Frameworks"
#include "..." search starts here:
#include <...> search starts here:
 /Library/Developer/CommandLineTools/usr/lib/clang/17/include
 /Library/Developer/CommandLineTools/SDKs/MacOSX15.5.sdk/usr/include
 /Library/Developer/CommandLineTools/usr/include
 /Library/Developer/CommandLineTools/SDKs/MacOSX15.5.sdk/System/Library/Frameworks (framework directory)
End of search list.
Linking C executable cmTC_ebe80
/opt/homebrew/Cellar/cmake/3.25.1/bin/cmake -E cmake_link_script CMakeFiles/cmTC_ebe80.dir/link.txt --verbose=1
/usr/bin/clang  -arch arm64 -isysroot /Library/Developer/CommandLineTools/SDKs/MacOSX15.5.sdk -Wl,-search_paths_first -Wl,-headerpad_max_install_names  -v -Wl,-v CMakeFiles/cmTC_ebe80.dir/CMakeCCompilerABI.c.o -o cmTC_ebe80 
Apple clang version 17.0.0 (clang-1700.0.13.5)
Target: arm64-apple-darwin24.5.0
Thread model: posix
InstalledDir: /Library/Developer/CommandLineTools/usr/bin
 "/Library/Developer/CommandLineTools/usr/bin/ld" -demangle -lto_library /Library/Developer/CommandLineTools/usr/lib/libLTO.dylib -dynamic -arch arm64 -platform_version macos 15.0.0 15.5 -syslibroot /Library/Developer/CommandLineTools/SDKs/MacOSX15.5.sdk -mllvm -enable-linkonceodr-outlining -o cmTC_ebe80 -search_paths_first -headerpad_max_install_names -v CMakeFiles/cmTC_ebe80.dir/CMakeCCompilerABI.c.o -lSystem /Library/Developer/CommandLineTools/usr/lib/clang/17/lib/darwin/libclang_rt.osx.a
@(#)PROGRAM:ld PROJECT:ld-1167.5
BUILD 01:45:05 Apr 30 2025
configured to support archs: armv6 armv7 armv7s arm64 arm64e arm64_32 i386 x86_64 x86_64h armv6m armv7k armv7m armv7em
will use ld-classic for: armv6 armv7 armv7s i386 armv6m armv7k armv7m armv7em
LTO support using: LLVM version 17.0.0 (static support for 29, runtime is 29)
TAPI support using: Apple TAPI version 17.0.0 (tapi-1700.0.3.5)
Library search paths:
	/Library/Developer/CommandLineTools/SDKs/MacOSX15.5.sdk/usr/lib
	/Library/Developer/CommandLineTools/SDKs/MacOSX15.5.sdk/usr/lib/swift
Framework search paths:
	/Library/Developer/CommandLineTools/SDKs/MacOSX15.5.sdk/System/Library/Frameworks



Parsed C implicit include dir info from above output: rv=done
  found start of include info
  found start of implicit include info
    add: [/Library/Developer/CommandLineTools/usr/lib/clang/17/include]
    add: [/Library/Developer/CommandLineTools/SDKs/MacOSX15.5.sdk/usr/include]
    add: [/Library/Developer/CommandLineTools/usr/include]
  end of search list found
  collapse include dir [/Library/Developer/CommandLineTools/usr/lib/clang/17/include] ==> [/Library/Developer/CommandLineTools/usr/lib/clang/17/include]
  collapse include dir [/Library/Developer/CommandLineTools/SDKs/MacOSX15.5.sdk/usr/include] ==> [/Library/Developer/CommandLineTools/SDKs/MacOSX15.5.sdk/usr/include]
  collapse include dir [/Library/Developer/CommandLineTools/usr/include] ==> [/Library/Developer/CommandLineTools/usr/include]
  implicit include dirs: [/Library/Developer/CommandLineTools/usr/lib/clang/17/include;/Library/Developer/CommandLineTools/SDKs/MacOSX15.5.sdk/usr/include;/Library/Developer/CommandLineTools/usr/include]


Parsed C implicit link information from above output:
  link line regex: [^( *|.*[/\])(ld|CMAKE_LINK_STARTFILE-NOTFOUND|([^/\]+-)?ld|collect2)[^/\]*( |$)]
  ignore line: [Change Dir: /Users/ggoshab/cpp/console-heart/out/build/Clang/CMakeFiles/CMakeScratch/TryCompile-PdD6ok]
  ignore line: []
  ignore line: [Run Build Command(s):/usr/bin/make -f Makefile cmTC_ebe80/fast && /Library/Developer/CommandLineTools/usr/bin/make  -f CMakeFiles/cmTC_ebe80.dir/build.make CMakeFiles/cmTC_ebe80.dir/build]
  ignore line: [Building C object CMakeFiles/cmTC_ebe80.dir/CMakeCCompilerABI.c.o]
  ignore line: [/usr/bin/clang   -arch arm64 -isysroot /Library/Developer/CommandLineTools/SDKs/MacOSX15.5.sdk   -v -Wl -v -MD -MT CMakeFiles/cmTC_ebe80.dir/CMakeCCompilerABI.c.o -MF CMakeFiles/cmTC_ebe80.dir/CMakeCCompilerABI.c.o.d -o CMakeFiles/cmTC_ebe80.dir/CMakeCCompilerABI.c.o -c /opt/homebrew/Cellar/cmake/3.25.1/share/cmake/Modules/CMakeCCompilerABI.c]
  ignore line: [Apple clang version 17.0.0 (clang-1700.0.13.5)]
  ignore line: [Target: arm64-apple-darwin24.5.0]
  ignore line: [Thread model: posix]
  ignore line: [InstalledDir: /Library/Developer/CommandLineTools/usr/bin]
  ignore line: [clang: warning: -Wl -v: 'linker' input unused [-Wunused-command-line-argument]]
  ignore line: [ "/Library/Developer/CommandLineTools/usr/bin/clang" -cc1 -triple arm64-apple-macosx15.0.0 -Wundef-prefix=TARGET_OS_ -Wdeprecated-objc-isa-usage -Werror=deprecated-objc-isa-usage -Werror=implicit-function-declaration -emit-obj -disable-free -clear-ast-before-backend -disable-llvm-verifier -discard-value-names -main-file-name CMakeCCompilerABI.c -mrelocation-model pic -pic-level 2 -mframe-pointer=non-leaf -fno-strict-return -ffp-contract=on -fno-rounding-math -funwind-tables=1 -fobjc-msgsend-selector-stubs -target-sdk-version=15.5 -fvisibility-inlines-hidden-static-local-var -fdefine-target-os-macros -fno-assume-unique-vtables -fno-modulemap-allow-subdirectory-search -target-cpu apple-m1 -target-feature +zcm -target-feature +zcz -target-feature +v8.5a -target-feature +aes -target-feature +altnzcv -target-feature +ccdp -target-feature +complxnum -target-feature +crc -target-feature +dotprod -target-feature +fp-armv8 -target-feature +fp16fml -target-feature +fptoint -target-feature +fullfp16 -target-feature +jsconv -target-feature +lse -target-feature +neon -target-feature +pauth -target-feature +perfmon -target-feature +predres -target-feature +ras -target-feature +rcpc -target-feature +rdm -target-feature +sb -target-feature +sha2 -target-feature +sha3 -target-feature +specrestrict -target-feature +ssbs -target-abi darwinpcs -debugger-tuning=lldb -fdebug-compilation-dir=/Users/ggoshab/cpp/console-heart/out/build/Clang/CMakeFiles/CMakeScratch/TryCompile-PdD6ok -target-linker-version 1167.5 -v -fcoverage-compilation-dir=/Users/ggoshab/cpp/console-heart/out/build/Clang/CMakeFiles/CMakeScratch/TryCompile-PdD6ok -resource-dir /Library/Developer/CommandLineTools/usr/lib/clang/17 -dependency-file CMakeFiles/cmTC_ebe80.dir/CMakeCCompilerABI.c.o.d -skip-unused-modulemap-deps -MT CMakeFiles/cmTC_ebe80.dir/CMakeCCompilerABI.c.o -sys-header-deps -isysroot /Library/Developer/CommandLineTools/SDKs/MacOSX15.5.sdk -internal-isystem /Library/Developer/CommandLineTools/SDKs/MacOSX15.5.sdk/usr/local/include -internal-isystem /Library/Developer/CommandLineTools/usr/lib/clang/17/include -internal-externc-isystem /Library/Developer/CommandLineTools/SDKs/MacOSX15.5.sdk/usr/include -internal-externc-isystem /Library/Developer/CommandLineTools/usr/include -Wno-reorder-init-list -Wno-implicit-int-float-conversion -Wno-c99-designator -Wno-final-dtor-non-final-class -Wno-extra-semi-stmt -Wno-misleading-indentation -Wno-quoted-include-in-framework-header -Wno-implicit-fallthrough -Wno-enum-enum-conversion -Wno-enum-float-conversion -Wno-elaborated-enum-base -Wno-reserved-identifier -Wno-gnu-folding-constant -ferror-limit 19 -stack-protector 1 -fstack-check -mdarwin-stkchk-strong-link -fblocks -fencode-extended-block-signature -fregister-global-dtors-with-atexit -fgnuc-version=4.2.1 -fskip-odr-check-in-gmf -fmax-type-align=16 -fcommon -clang-vendor-feature=+disableNonDependentMemberExprInCurrentInstantiation -fno-odr-hash-protocols -clang-vendor-feature=+enableAggressiveVLAFolding -clang-vendor-feature=+revert09abecef7bbf -clang-vendor-feature=+thisNoAlignAttr -clang-vendor-feature=+thisNoNullAttr -clang-vendor-feature=+disableAtImportPrivateFrameworkInImplementationError -D__GCC_HAVE_DWARF2_CFI_ASM=1 -o CMakeFiles/cmTC_ebe80.dir/CMakeCCompilerABI.c.o -x c /opt/homebrew/Cellar/cmake/3.25.1/share/cmake/Modules/CMakeCCompilerABI.c]
  ignore line: [clang -cc1 version 17.0.0 (clang-1700.0.13.5) default target arm64-apple-darwin24.5.0]
  ignore line: [ignoring nonexistent directory "/Library/Developer/CommandLineTools/SDKs/MacOSX15.5.sdk/usr/local/include"]
  ignore line: [ignoring nonexistent directory "/Library/Developer/CommandLineTools/SDKs/MacOSX15.5.sdk/System/Library/SubFrameworks"]
  ignore line: [ignoring nonexistent directory "/Library/Developer/CommandLineTools/SDKs/MacOSX15.5.sdk/Library/Frameworks"]
  ignore line: [#include "..." search starts here:]
  ignore line: [#include <...> search starts here:]
  ignore line: [ /Library/Developer/CommandLineTools/usr/lib/clang/17/include]
  ignore line: [ /Library/Developer/CommandLineTools/SDKs/MacOSX15.5.sdk/usr/include]
  ignore line: [ /Library/Developer/CommandLineTools/usr/include]
  ignore line: [ /Library/Developer/CommandLineTools/SDKs/MacOSX15.5.sdk/System/Library/Frameworks (framework directory)]
  ignore line: [End of search list.]
  ignore line: [Linking C executable cmTC_ebe80]
  ignore line: [/opt/homebrew/Cellar/cmake/3.25.1/bin/cmake -E cmake_link_script CMakeFiles/cmTC_ebe80.dir/link.txt --verbose=1]
  ignore line: [/usr/bin/clang  -arch arm64 -isysroot /Library/Developer/CommandLineTools/SDKs/MacOSX15.5.sdk -Wl -search_paths_first -Wl -headerpad_max_install_names  -v -Wl -v CMakeFiles/cmTC_ebe80.dir/CMakeCCompilerABI.c.o -o cmTC_ebe80 ]
  ignore line: [Apple clang version 17.0.0 (clang-1700.0.13.5)]
  ignore line: [Target: arm64-apple-darwin24.5.0]
  ignore line: [Thread model: posix]
  ignore line: [InstalledDir: /Library/Developer/CommandLineTools/usr/bin]
  link line: [ "/Library/Developer/CommandLineTools/usr/bin/ld" -demangle -lto_library /Library/Developer/CommandLineTools/usr/lib/libLTO.dylib -dynamic -arch arm64 -platform_version macos 15.0.0 15.5 -syslibroot /Library/Developer/CommandLineTools/SDKs/MacOSX15.5.sdk -mllvm -enable-linkonceodr-outlining -o cmTC_ebe80 -search_paths_first -headerpad_max_install_names -v CMakeFiles/cmTC_ebe80.dir/CMakeCCompilerABI.c.o -lSystem /Library/Developer/CommandLineTools/usr/lib/clang/17/lib/darwin/libclang_rt.osx.a]
    arg [/Library/Developer/CommandLineTools/usr/bin/ld] ==> ignore
    arg [-demangle] ==> ignore
    arg [-lto_library] ==> ignore, skip following value
    arg [/Library/Developer/CommandLineTools/usr/lib/libLTO.dylib] ==> skip value of -lto_library
    arg [-dynamic] ==> ignore
    arg [-arch] ==> ignore
    arg [arm64] ==> ignore
    arg [-platform_version] ==> ignore
    arg [macos] ==> ignore
    arg [15.0.0] ==> ignore
    arg [15.5] ==> ignore
    arg [-syslibroot] ==> ignore
    arg [/Library/Developer/CommandLineTools/SDKs/MacOSX15.5.sdk] ==> ignore
    arg [-mllvm] ==> ignore
    arg [-enable-linkonceodr-outlining] ==> ignore
    arg [-o] ==> ignore
    arg [cmTC_ebe80] ==> ignore
    arg [-search_paths_first] ==> ignore
    arg [-headerpad_max_install_names] ==> ignore
    arg [-v] ==> ignore
    arg [CMakeFiles/cmTC_ebe80.dir/CMakeCCompilerABI.c.o] ==> ignore
    arg [-lSystem] ==> lib [System]
    arg [/Library/Developer/CommandLineTools/usr/lib/clang/17/lib/darwin/libclang_rt.osx.a] ==> lib [/Library/Developer/CommandLineTools/usr/lib/clang/17/lib/darwin/libclang_rt.osx.a]
  Library search paths: [;/Library/Developer/CommandLineTools/SDKs/MacOSX15.5.sdk/usr/lib;/Library/Developer/CommandLineTools/SDKs/MacOSX15.5.sdk/usr/lib/swift]
  Framework search paths: [;/Library/Developer/CommandLineTools/SDKs/MacOSX15.5.sdk/System/Library/Frameworks]
  remove lib [System]
  remove lib [/Library/Developer/CommandLineTools/usr/lib/clang/17/lib/darwin/libclang_rt.osx.a]
  collapse library dir [/Library/Developer/CommandLineTools/SDKs/MacOSX15.5.sdk/usr/lib] ==> [/Library/Developer/CommandLineTools/SDKs/MacOSX15.5.sdk/usr/lib]
  collapse library dir [/Library/Developer/CommandLineTools/SDKs/MacOSX15.5.sdk/usr/lib/swift] ==> [/Library/Developer/CommandLineTools/SDKs/MacOSX15.5.sdk/usr/lib/swift]
  collapse framework dir [/Library/Developer/CommandLineTools/SDKs/MacOSX15.5.sdk/System/Library/Frameworks] ==> [/Library/Developer/CommandLineTools/SDKs/MacOSX15.5.sdk/System/Library/Frameworks]
  implicit libs: []
  implicit objs: []
  implicit dirs: [/Library/Developer/CommandLineTools/SDKs/MacOSX15.5.sdk/usr/lib;/Library/Developer/CommandLineTools/SDKs/MacOSX15.5.sdk/usr/lib/swift]
  implicit fwks: [/Library/Developer/CommandLineTools/SDKs/MacOSX15.5.sdk/System/Library/Frameworks]


Detecting CXX compiler ABI info compiled with the following output:
Change Dir: /Users/ggoshab/cpp/console-heart/out/build/Clang/CMakeFiles/CMakeScratch/TryCompile-r1kP6b

Run Build Command(s):/usr/bin/make -f Makefile cmTC_cb66d/fast && /Library/Developer/CommandLineTools/usr/bin/make  -f CMakeFiles/cmTC_cb66d.dir/build.make CMakeFiles/cmTC_cb66d.dir/build
Building CXX object CMakeFiles/cmTC_cb66d.dir/CMakeCXXCompilerABI.cpp.o
/usr/bin/clang++   -arch arm64 -isysroot /Library/Developer/CommandLineTools/SDKs/MacOSX15.5.sdk   -v -Wl,-v -MD -MT CMakeFiles/cmTC_cb66d.dir/CMakeCXXCompilerABI.cpp.o -MF CMakeFiles/cmTC_cb66d.dir/CMakeCXXCompilerABI.cpp.o.d -o CMakeFiles/cmTC_cb66d.dir/CMakeCXXCompilerABI.cpp.o -c /opt/homebrew/Cellar/cmake/3.25.1/share/cmake/Modules/CMakeCXXCompilerABI.cpp
Apple clang version 17.0.0 (clang-1700.0.13.5)
Target: arm64-apple-darwin24.5.0
Thread model: posix
InstalledDir: /Library/Developer/CommandLineTools/usr/bin
clang++: warning: -Wl,-v: 'linker' input unused [-Wunused-command-line-argument]
ignoring nonexistent directory "/Library/Developer/CommandLineTools/usr/bin/../include/c++/v1"
 "/Library/Developer/CommandLineTools/usr/bin/clang" -cc1 -triple arm64-apple-macosx15.0.0 -Wundef-prefix=TARGET_OS_ -Wdeprecated-objc-isa-usage -Werror=deprecated-objc-isa-usage -Werror=implicit-function-declaration -emit-obj -disable-free -clear-ast-before-backend -disable-llvm-verifier -discard-value-names -main-file-name CMakeCXXCompilerABI.cpp -mrelocation-model pic -pic-level 2 -mframe-pointer=non-leaf -fno-strict-return -ffp-contract=on -fno-rounding-math -funwind-tables=1 -fobjc-msgsend-selector-stubs -target-sdk-version=15.5 -fvisibility-inlines-hidden-static-local-var -fdefine-target-os-macros -fno-assume-unique-vtables -fno-modulemap-allow-subdirectory-search -target-cpu apple-m1 -target-feature +zcm -target-feature +zcz -target-feature +v8.5a -target-feature +aes -target-feature +altnzcv -target-feature +ccdp -target-feature +complxnum -target-feature +crc -target-feature +dotprod -target-feature +fp-armv8 -target-feature +fp16fml -target-feature +fptoint -target-feature +fullfp16 -target-feature +jsconv -target-feature +lse -target-feature +neon -target-feature +pauth -target-feature +perfmon -target-feature +predres -target-feature +ras -target-feature +rcpc -target-feature +rdm -target-feature +sb -target-feature +sha2 -target-feature +sha3 -target-feature +specrestrict -target-feature +ssbs -target-abi darwinpcs -debugger-tuning=lldb -fdebug-compilation-dir=/Users/ggoshab/cpp/console-heart/out/build/Clang/CMakeFiles/CMakeScratch/TryCompile-r1kP6b -target-linker-version 1167.5 -v -fcoverage-compilation-dir=/Users/ggoshab/cpp/console-heart/out/build/Clang/CMakeFiles/CMakeScratch/TryCompile-r1kP6b -resource-dir /Library/Developer/CommandLineTools/usr/lib/clang/17 -dependency-file CMakeFiles/cmTC_cb66d.dir/CMakeCXXCompilerABI.cpp.o.d -skip-unused-modulemap-deps -MT CMakeFiles/cmTC_cb66d.dir/CMakeCXXCompilerABI.cpp.o -sys-header-deps -isysroot /Library/Developer/CommandLineTools/SDKs/MacOSX15.5.sdk -internal-isystem /Library/Developer/CommandLineTools/SDKs/MacOSX15.5.sdk/usr/include/c++/v1 -internal-isystem /Library/Developer/CommandLineTools/SDKs/MacOSX15.5.sdk/usr/local/include -internal-isystem /Library/Developer/CommandLineTools/usr/lib/clang/17/include -internal-externc-isystem /Library/Developer/CommandLineTools/SDKs/MacOSX15.5.sdk/usr/include -internal-externc-isystem /Library/Developer/CommandLineTools/usr/include -Wno-reorder-init-list -Wno-implicit-int-float-conversion -Wno-c99-designator -Wno-final-dtor-non-final-class -Wno-extra-semi-stmt -Wno-misleading-indentation -Wno-quoted-include-in-framework-header -Wno-implicit-fallthrough -Wno-enum-enum-conversion -Wno-enum-float-conversion -Wno-elaborated-enum-base -Wno-reserved-identifier -Wno-gnu-folding-constant -fdeprecated-macro -ferror-limit 19 -stack-protector 1 -fstack-check -mdarwin-stkchk-strong-link -fblocks -fencode-extended-block-signature -fregister-global-dtors-with-atexit -fgnuc-version=4.2.1 -fno-cxx-modules -fskip-odr-check-in-gmf -fcxx-exceptions -fexceptions -fmax-type-align=16 -fcommon -clang-vendor-feature=+disableNonDependentMemberExprInCurrentInstantiation -fno-odr-hash-protocols -clang-vendor-feature=+enableAggressiveVLAFolding -clang-vendor-feature=+revert09abecef7bbf -clang-vendor-feature=+thisNoAlignAttr -clang-vendor-feature=+thisNoNullAttr -clang-vendor-feature=+disableAtImportPrivateFrameworkInImplementationError -D__GCC_HAVE_DWARF2_CFI_ASM=1 -o CMakeFiles/cmTC_cb66d.dir/CMakeCXXCompilerABI.cpp.o -x c++ /opt/homebrew/Cellar/cmake/3.25.1/share/cmake/Modules/CMakeCXXCompilerABI.cpp
clang -cc1 version 17.0.0 (clang-1700.0.13.5) default target arm64-apple-darwin24.5.0
ignoring nonexistent directory "/Library/Developer/CommandLineTools/SDKs/MacOSX15.5.sdk/usr/local/include"
ignoring nonexistent directory "/Library/Developer/CommandLineTools/SDKs/MacOSX15.5.sdk/System/Library/SubFrameworks"
ignoring nonexistent directory "/Library/Developer/CommandLineTools/SDKs/MacOSX15.5.sdk/Library/Frameworks"
#include "..." search starts here:
#include <...> search starts here:
 /Library/Developer/CommandLineTools/SDKs/MacOSX15.5.sdk/usr/include/c++/v1
 /Library/Developer/CommandLineTools/usr/lib/clang/17/include
 /Library/Developer/CommandLineTools/SDKs/MacOSX15.5.sdk/usr/include
 /Library/Developer/CommandLineTools/usr/include
 /Library/Developer/CommandLineTools/SDKs/MacOSX15.5.sdk/System/Library/Frameworks (framework directory)
End of search list.
Linking CXX executable cmTC_cb66d
/opt/homebrew/Cellar/cmake/3.25.1/bin/cmake -E cmake_link_script CMakeFiles/cmTC_cb66d.dir/link.txt --verbose=1
/usr/bin/clang++  -arch arm64 -isysroot /Library/Developer/CommandLineTools/SDKs/MacOSX15.5.sdk -Wl,-search_paths_first -Wl,-headerpad_max_install_names  -v -Wl,-v CMakeFiles/cmTC_cb66d.dir/CMakeCXXCompilerABI.cpp.o -o cmTC_cb66d 
Apple clang version 17.0.0 (clang-1700.0.13.5)
Target: arm64-apple-darwin24.5.0
Thread model: posix
InstalledDir: /Library/Developer/CommandLineTools/usr/bin
 "/Library/Developer/CommandLineTools/usr/bin/ld" -demangle -lto_library /Library/Developer/CommandLineTools/usr/lib/libLTO.dylib -dynamic -arch arm64 -platform_version macos 15.0.0 15.5 -syslibroot /Library/Developer/CommandLineTools/SDKs/MacOSX15.5.sdk -mllvm -enable-linkonceodr-outlining -o cmTC_cb66d -search_paths_first -headerpad_max_install_names -v CMakeFiles/cmTC_cb66d.dir/CMakeCXXCompilerABI.cpp.o -lc++ -lSystem /Library/Developer/CommandLineTools/usr/lib/clang/17/lib/darwin/libclang_rt.osx.a
@(#)PROGRAM:ld PROJECT:ld-1167.5
BUILD 01:45:05 Apr 30 2025
configured to support archs: armv6 armv7 armv7s arm64 arm64e arm64_32 i386 x86_64 x86_64h armv6m armv7k armv7m armv7em
will use ld-classic for: armv6 armv7 armv7s i386 armv6m armv7k armv7m armv7em
LTO support using: LLVM version 17.0.0 (static support for 29, runtime is 29)
TAPI support using: Apple TAPI version 17.0.0 (tapi-1700.0.3.5)
Library search paths:
	/Library/Developer/CommandLineTools/SDKs/MacOSX15.5.sdk/usr/lib
	/Library/Developer/CommandLineTools/SDKs/MacOSX15.5.sdk/usr/lib/swift
Framework search paths:
	/Library/Developer/CommandLineTools/SDKs/MacOSX15.5.sdk/System/Library/Frameworks



Parsed CXX implicit include dir info from above output: rv=done
  found start of include info
  found start of implicit include info
    add: [/Library/Developer/CommandLineTools/SDKs/MacOSX15.5.sdk/usr/include/c++/v1]
    add: [/Library/Developer/CommandLineTools/usr/lib/clang/17/include]
    add: [/Library/Developer/CommandLineTools/SDKs/MacOSX15.5.sdk/usr/include]
    add: [/Library/Developer/CommandLineTools/usr/include]
  end of search list found
  collapse include dir [/Library/Developer/CommandLineTools/SDKs/MacOSX15.5.sdk/usr/include/c++/v1] ==> [/Library/Developer/CommandLineTools/SDKs/MacOSX15.5.sdk/usr/include/c++/v1]
  collapse include dir [/Library/Developer/CommandLineTools/usr/lib/clang/17/include] ==> [/Library/Developer/CommandLineTools/usr/lib/clang/17/include]
  collapse include dir [/Library/Developer/CommandLineTools/SDKs/MacOSX15.5.sdk/usr/include] ==> [/Library/Developer/CommandLineTools/SDKs/MacOSX15.5.sdk/usr/include]
  collapse include dir [/Library/Developer/CommandLineTools/usr/include] ==> [/Library/Developer/CommandLineTools/usr/include]
  implicit include dirs: [/Library/Developer/CommandLineTools/SDKs/MacOSX15.5.sdk/usr/include/c++/v1;/Library/Developer/CommandLineTools/usr/lib/clang/17/include;/Library/Developer/CommandLineTools/SDKs/MacOSX15.5.sdk/usr/include;/Library/Developer/CommandLineTools/usr/include]


Parsed CXX implicit link information from above output:
  link line regex: [^( *|.*[/\])(ld|CMAKE_LINK_STARTFILE-NOTFOUND|([^/\]+-)?ld|collect2)[^/\]*( |$)]
  ignore line: [Change Dir: /Users/ggoshab/cpp/console-heart/out/build/Clang/CMakeFiles/CMakeScratch/TryCompile-r1kP6b]
  ignore line: []
  ignore line: [Run Build Command(s):/usr/bin/make -f Makefile cmTC_cb66d/fast && /Library/Developer/CommandLineTools/usr/bin/make  -f CMakeFiles/cmTC_cb66d.dir/build.make CMakeFiles/cmTC_cb66d.dir/build]
  ignore line: [Building CXX object CMakeFiles/cmTC_cb66d.dir/CMakeCXXCompilerABI.cpp.o]
  ignore line: [/usr/bin/clang++   -arch arm64 -isysroot /Library/Developer/CommandLineTools/SDKs/MacOSX15.5.sdk   -v -Wl -v -MD -MT CMakeFiles/cmTC_cb66d.dir/CMakeCXXCompilerABI.cpp.o -MF CMakeFiles/cmTC_cb66d.dir/CMakeCXXCompilerABI.cpp.o.d -o CMakeFiles/cmTC_cb66d.dir/CMakeCXXCompilerABI.cpp.o -c /opt/homebrew/Cellar/cmake/3.25.1/share/cmake/Modules/CMakeCXXCompilerABI.cpp]
  ignore line: [Apple clang version 17.0.0 (clang-1700.0.13.5)]
  ignore line: [Target: arm64-apple-darwin24.5.0]
  ignore line: [Thread model: posix]
  ignore line: [InstalledDir: /Library/Developer/CommandLineTools/usr/bin]
  ignore line: [clang++: warning: -Wl -v: 'linker' input unused [-Wunused-command-line-argument]]
  ignore line: [ignoring nonexistent directory "/Library/Developer/CommandLineTools/usr/bin/../include/c++/v1"]
  ignore line: [ "/Library/Developer/CommandLineTools/usr/bin/clang" -cc1 -triple arm64-apple-macosx15.0.0 -Wundef-prefix=TARGET_OS_ -Wdeprecated-objc-isa-usage -Werror=deprecated-objc-isa-usage -Werror=implicit-function-declaration -emit-obj -disable-free -clear-ast-before-backend -disable-llvm-verifier -discard-value-names -main-file-name CMakeCXXCompilerABI.cpp -mrelocation-model pic -pic-level 2 -mframe-pointer=non-leaf -fno-strict-return -ffp-contract=on -fno-rounding-math -funwind-tables=1 -fobjc-msgsend-selector-stubs -target-sdk-version=15.5 -fvisibility-inlines-hidden-static-local-var -fdefine-target-os-macros -fno-assume-unique-vtables -fno-modulemap-allow-subdirectory-search -target-cpu apple-m1 -target-feature +zcm -target-feature +zcz -target-feature +v8.5a -target-feature +aes -target-feature +altnzcv -target-feature +ccdp -target-feature +complxnum -target-feature +crc -target-feature +dotprod -target-feature +fp-armv8 -target-feature +fp16fml -target-feature +fptoint -target-feature +fullfp16 -target-feature +jsconv -target-feature +lse -target-feature +neon -target-feature +pauth -target-feature +perfmon -target-feature +predres -target-feature +ras -target-feature +rcpc -target-feature +rdm -target-feature +sb -target-feature +sha2 -target-feature +sha3 -target-feature +specrestrict -target-feature +ssbs -target-abi darwinpcs -debugger-tuning=lldb -fdebug-compilation-dir=/Users/ggoshab/cpp/console-heart/out/build/Clang/CMakeFiles/CMakeScratch/TryCompile-r1kP6b -target-linker-version 1167.5 -v -fcoverage-compilation-dir=/Users/ggoshab/cpp/console-heart/out/build/Clang/CMakeFiles/CMakeScratch/TryCompile-r1kP6b -resource-dir /Library/Developer/CommandLineTools/usr/lib/clang/17 -dependency-file CMakeFiles/cmTC_cb66d.dir/CMakeCXXCompilerABI.cpp.o.d -skip-unused-modulemap-deps -MT CMakeFiles/cmTC_cb66d.dir/CMakeCXXCompilerABI.cpp.o -sys-header-deps -isysroot /Library/Developer/CommandLineTools/SDKs/MacOSX15.5.sdk -internal-isystem /Library/Developer/CommandLineTools/SDKs/MacOSX15.5.sdk/usr/include/c++/v1 -internal-isystem /Library/Developer/CommandLineTools/SDKs/MacOSX15.5.sdk/usr/local/include -internal-isystem /Library/Developer/CommandLineTools/usr/lib/clang/17/include -internal-externc-isystem /Library/Developer/CommandLineTools/SDKs/MacOSX15.5.sdk/usr/include -internal-externc-isystem /Library/Developer/CommandLineTools/usr/include -Wno-reorder-init-list -Wno-implicit-int-float-conversion -Wno-c99-designator -Wno-final-dtor-non-final-class -Wno-extra-semi-stmt -Wno-misleading-indentation -Wno-quoted-include-in-framework-header -Wno-implicit-fallthrough -Wno-enum-enum-conversion -Wno-enum-float-conversion -Wno-elaborated-enum-base -Wno-reserved-identifier -Wno-gnu-folding-constant -fdeprecated-macro -ferror-limit 19 -stack-protector 1 -fstack-check -mdarwin-stkchk-strong-link -fblocks -fencode-extended-block-signature -fregister-global-dtors-with-atexit -fgnuc-version=4.2.1 -fno-cxx-modules -fskip-odr-check-in-gmf -fcxx-exceptions -fexceptions -fmax-type-align=16 -fcommon -clang-vendor-feature=+disableNonDependentMemberExprInCurrentInstantiation -fno-odr-hash-protocols -clang-vendor-feature=+enableAggressiveVLAFolding -clang-vendor-feature=+revert09abecef7bbf -clang-vendor-feature=+thisNoAlignAttr -clang-vendor-feature=+thisNoNullAttr -clang-vendor-feature=+disableAtImportPrivateFrameworkInImplementationError -D__GCC_HAVE_DWARF2_CFI_ASM=1 -o CMakeFiles/cmTC_cb66d.dir/CMakeCXXCompilerABI.cpp.o -x c++ /opt/homebrew/Cellar/cmake/3.25.1/share/cmake/Modules/CMakeCXXCompilerABI.cpp]
  ignore line: [clang -cc1 version 17.0.0 (clang-1700.0.13.5) default target arm64-apple-darwin24.5.0]
  ignore line: [ignoring nonexistent directory "/Library/Developer/CommandLineTools/SDKs/MacOSX15.5.sdk/usr/local/include"]
  ignore line: [ignoring nonexistent directory "/Library/Developer/CommandLineTools/SDKs/MacOSX15.5.sdk/System/Library/SubFrameworks"]
  ignore line: [ignoring nonexistent directory "/Library/Developer/CommandLineTools/SDKs/MacOSX15.5.sdk/Library/Frameworks"]
  ignore line: [#include "..." search starts here:]
  ignore line: [#include <...> search starts here:]
  ignore line: [ /Library/Developer/CommandLineTools/SDKs/MacOSX15.5.sdk/usr/include/c++/v1]
  ignore line: [ /Library/Developer/CommandLineTools/usr/lib/clang/17/include]
  ignore line: [ /Library/Developer/CommandLineTools/SDKs/MacOSX15.5.sdk/usr/include]
  ignore line: [ /Library/Developer/CommandLineTools/usr/include]
  ignore line: [ /Library/Developer/CommandLineTools/SDKs/MacOSX15.5.sdk/System/Library/Frameworks (framework directory)]
  ignore line: [End of search list.]
  ignore line: [Linking CXX executable cmTC_cb66d]
  ignore line: [/opt/homebrew/Cellar/cmake/3.25.1/bin/cmake -E cmake_link_script CMakeFiles/cmTC_cb66d.dir/link.txt --verbose=1]
  ignore line: [/usr/bin/clang++  -arch arm64 -isysroot /Library/Developer/CommandLineTools/SDKs/MacOSX15.5.sdk -Wl -search_paths_first -Wl -headerpad_max_install_names  -v -Wl -v CMakeFiles/cmTC_cb66d.dir/CMakeCXXCompilerABI.cpp.o -o cmTC_cb66d ]
  ignore line: [Apple clang version 17.0.0 (clang-1700.0.13.5)]
  ignore line: [Target: arm64-apple-darwin24.5.0]
  ignore line: [Thread model: posix]
  ignore line: [InstalledDir: /Library/Developer/CommandLineTools/usr/bin]
  link line: [ "/Library/Developer/CommandLineTools/usr/bin/ld" -demangle -lto_library /Library/Developer/CommandLineTools/usr/lib/libLTO.dylib -dynamic -arch arm64 -platform_version macos 15.0.0 15.5 -syslibroot /Library/Developer/CommandLineTools/SDKs/MacOSX15.5.sdk -mllvm -enable-linkonceodr-outlining -o cmTC_cb66d -search_paths_first -headerpad_max_install_names -v CMakeFiles/cmTC_cb66d.dir/CMakeCXXCompilerABI.cpp.o -lc++ -lSystem /Library/Developer/CommandLineTools/usr/lib/clang/17/lib/darwin/libclang_rt.osx.a]
    arg [/Library/Developer/CommandLineTools/usr/bin/ld] ==> ignore
    arg [-demangle] ==> ignore
    arg [-lto_library] ==> ignore, skip following value
    arg [/Library/Developer/CommandLineTools/usr/lib/libLTO.dylib] ==> skip value of -lto_library
    arg [-dynamic] ==> ignore
    arg [-arch] ==> ignore
    arg [arm64] ==> ignore
    arg [-platform_version] ==> ignore
    arg [macos] ==> ignore
    arg [15.0.0] ==> ignore
    arg [15.5] ==> ignore
    arg [-syslibroot] ==> ignore
    arg [/Library/Developer/CommandLineTools/SDKs/MacOSX15.5.sdk] ==> ignore
    arg [-mllvm] ==> ignore
    arg [-enable-linkonceodr-outlining] ==> ignore
    arg [-o] ==> ignore
    arg [cmTC_cb66d] ==> ignore
    arg [-search_paths_first] ==> ignore
    arg [-headerpad_max_install_names] ==> ignore
    arg [-v] ==> ignore
    arg [CMakeFiles/cmTC_cb66d.dir/CMakeCXXCompilerABI.cpp.o] ==> ignore
    arg [-lc++] ==> lib [c++]
    arg [-lSystem] ==> lib [System]
    arg [/Library/Developer/CommandLineTools/usr/lib/clang/17/lib/darwin/libclang_rt.osx.a] ==> lib [/Library/Developer/CommandLineTools/usr/lib/clang/17/lib/darwin/libclang_rt.osx.a]
  Library search paths: [;/Library/Developer/CommandLineTools/SDKs/MacOSX15.5.sdk/usr/lib;/Library/Developer/CommandLineTools/SDKs/MacOSX15.5.sdk/usr/lib/swift]
  Framework search paths: [;/Library/Developer/CommandLineTools/SDKs/MacOSX15.5.sdk/System/Library/Frameworks]
  remove lib [System]
  remove lib [/Library/Developer/CommandLineTools/usr/lib/clang/17/lib/darwin/libclang_rt.osx.a]
  collapse library dir [/Library/Developer/CommandLineTools/SDKs/MacOSX15.5.sdk/usr/lib] ==> [/Library/Developer/CommandLineTools/SDKs/MacOSX15.5.sdk/usr/lib]
  collapse library dir [/Library/Developer/CommandLineTools/SDKs/MacOSX15.5.sdk/usr/lib/swift] ==> [/Library/Developer/CommandLineTools/SDKs/MacOSX15.5.sdk/usr/lib/swift]
  collapse framework dir [/Library/Developer/CommandLineTools/SDKs/MacOSX15.5.sdk/System/Library/Frameworks] ==> [/Library/Developer/CommandLineTools/SDKs/MacOSX15.5.sdk/System/Library/Frameworks]
  implicit libs: [c++]
  implicit objs: []
  implicit dirs: [/Library/Developer/CommandLineTools/SDKs/MacOSX15.5.sdk/usr/lib;/Library/Developer/CommandLineTools/SDKs/MacOSX15.5.sdk/usr/lib/swift]
  implicit fwks: [/Library/Developer/CommandLineTools/SDKs/MacOSX15.5.sdk/System/Library/Frameworks]


The system is: Darwin - 24.5.0 - arm64
Compiling the C compiler identification source file "CMakeCCompilerId.c" succeeded.
Compiler: /usr/bin/clang 
Build flags: 
Id flags:  

The output was:
0


Compilation of the C compiler identification source "CMakeCCompilerId.c" produced "a.out"

The C compiler identification is AppleClang, found in "/Users/ggoshab/cpp/console-heart/out/build/Clang/CMakeFiles/3.25.1/CompilerIdC/a.out"

Compiling the CXX compiler identification source file "CMakeCXXCompilerId.cpp" succeeded.
Compiler: /usr/bin/clang++ 
Build flags: 
Id flags:  

The output was:
0


Compilation of the CXX compiler identification source "CMakeCXXCompilerId.cpp" produced "a.out"

The CXX compiler identification is AppleClang, found in "/Users/ggoshab/cpp/console-heart/out/build/Clang/CMakeFiles/3.25.1/CompilerIdCXX/a.out"

Detecting C compiler ABI info compiled with the following output:
Change Dir: /Users/ggoshab/cpp/console-heart/out/build/Clang/CMakeFiles/CMakeScratch/TryCompile-7VPNWW

Run Build Command(s):/usr/bin/make -f Makefile cmTC_2a9fe/fast && /Library/Developer/CommandLineTools/usr/bin/make  -f CMakeFiles/cmTC_2a9fe.dir/build.make CMakeFiles/cmTC_2a9fe.dir/build
Building C object CMakeFiles/cmTC_2a9fe.dir/CMakeCCompilerABI.c.o
/usr/bin/clang   -arch arm64 -isysroot /Library/Developer/CommandLineTools/SDKs/MacOSX15.5.sdk   -v -Wl,-v -MD -MT CMakeFiles/cmTC_2a9fe.dir/CMakeCCompilerABI.c.o -MF CMakeFiles/cmTC_2a9fe.dir/CMakeCCompilerABI.c.o.d -o CMakeFiles/cmTC_2a9fe.dir/CMakeCCompilerABI.c.o -c /opt/homebrew/Cellar/cmake/3.25.1/share/cmake/Modules/CMakeCCompilerABI.c
Apple clang version 17.0.0 (clang-1700.0.13.5)
Target: arm64-apple-darwin24.5.0
Thread model: posix
InstalledDir: /Library/Developer/CommandLineTools/usr/bin
clang: warning: -Wl,-v: 'linker' input unused [-Wunused-command-line-argument]
 "/Library/Developer/CommandLineTools/usr/bin/clang" -cc1 -triple arm64-apple-macosx15.0.0 -Wundef-prefix=TARGET_OS_ -Wdeprecated-objc-isa-usage -Werror=deprecated-objc-isa-usage -Werror=implicit-function-declaration -emit-obj -disable-free -clear-ast-before-backend -disable-llvm-verifier -discard-value-names -main-file-name CMakeCCompilerABI.c -mrelocation-model pic -pic-level 2 -mframe-pointer=non-leaf -fno-strict-return -ffp-contract=on -fno-rounding-math -funwind-tables=1 -fobjc-msgsend-selector-stubs -target-sdk-version=15.5 -fvisibility-inlines-hidden-static-local-var -fdefine-target-os-macros -fno-assume-unique-vtables -fno-modulemap-allow-subdirectory-search -target-cpu apple-m1 -target-feature +zcm -target-feature +zcz -target-feature +v8.5a -target-feature +aes -target-feature +altnzcv -target-feature +ccdp -target-feature +complxnum -target-feature +crc -target-feature +dotprod -target-feature +fp-armv8 -target-feature +fp16fml -target-feature +fptoint -target-feature +fullfp16 -target-feature +jsconv -target-feature +lse -target-feature +neon -target-feature +pauth -target-feature +perfmon -target-feature +predres -target-feature +ras -target-feature +rcpc -target-feature +rdm -target-feature +sb -target-feature +sha2 -target-feature +sha3 -target-feature +specrestrict -target-feature +ssbs -target-abi darwinpcs -debugger-tuning=lldb -fdebug-compilation-dir=/Users/ggoshab/cpp/console-heart/out/build/Clang/CMakeFiles/CMakeScratch/TryCompile-7VPNWW -target-linker-version 1167.5 -v -fcoverage-compilation-dir=/Users/ggoshab/cpp/console-heart/out/build/Clang/CMakeFiles/CMakeScratch/TryCompile-7VPNWW -resource-dir /Library/Developer/CommandLineTools/usr/lib/clang/17 -dependency-file CMakeFiles/cmTC_2a9fe.dir/CMakeCCompilerABI.c.o.d -skip-unused-modulemap-deps -MT CMakeFiles/cmTC_2a9fe.dir/CMakeCCompilerABI.c.o -sys-header-deps -isysroot /Library/Developer/CommandLineTools/SDKs/MacOSX15.5.sdk -internal-isystem /Library/Developer/CommandLineTools/SDKs/MacOSX15.5.sdk/usr/local/include -internal-isystem /Library/Developer/CommandLineTools/usr/lib/clang/17/include -internal-externc-isystem /Library/Developer/CommandLineTools/SDKs/MacOSX15.5.sdk/usr/include -internal-externc-isystem /Library/Developer/CommandLineTools/usr/include -Wno-reorder-init-list -Wno-implicit-int-float-conversion -Wno-c99-designator -Wno-final-dtor-non-final-class -Wno-extra-semi-stmt -Wno-misleading-indentation -Wno-quoted-include-in-framework-header -Wno-implicit-fallthrough -Wno-enum-enum-conversion -Wno-enum-float-conversion -Wno-elaborated-enum-base -Wno-reserved-identifier -Wno-gnu-folding-constant -ferror-limit 19 -stack-protector 1 -fstack-check -mdarwin-stkchk-strong-link -fblocks -fencode-extended-block-signature -fregister-global-dtors-with-atexit -fgnuc-version=4.2.1 -fskip-odr-check-in-gmf -fmax-type-align=16 -fcommon -clang-vendor-feature=+disableNonDependentMemberExprInCurrentInstantiation -fno-odr-hash-protocols -clang-vendor-feature=+enableAggressiveVLAFolding -clang-vendor-feature=+revert09abecef7bbf -clang-vendor-feature=+thisNoAlignAttr -clang-vendor-feature=+thisNoNullAttr -clang-vendor-feature=+disableAtImportPrivateFrameworkInImplementationError -D__GCC_HAVE_DWARF2_CFI_ASM=1 -o CMakeFiles/cmTC_2a9fe.dir/CMakeCCompilerABI.c.o -x c /opt/homebrew/Cellar/cmake/3.25.1/share/cmake/Modules/CMakeCCompilerABI.c
clang -cc1 version 17.0.0 (clang-1700.0.13.5) default target arm64-apple-darwin24.5.0
ignoring nonexistent directory "/Library/Developer/CommandLineTools/SDKs/MacOSX15.5.sdk/usr/local/include"
ignoring nonexistent directory "/Library/Developer/CommandLineTools/SDKs/MacOSX15.5.sdk/System/Library/SubFrameworks"
ignoring nonexistent directory "/Library/Developer/CommandLineTools/SDKs/MacOSX15.5.sdk/Library/Frameworks"
#include "..." search starts here:
#include <...> search starts here:
 /Library/Developer/CommandLineTools/usr/lib/clang/17/include
 /Library/Developer/CommandLineTools/SDKs/MacOSX15.5.sdk/usr/include
 /Library/Developer/CommandLineTools/usr/include
 /Library/Developer/CommandLineTools/SDKs/MacOSX15.5.sdk/System/Library/Frameworks (framework directory)
End of search list.
Linking C executable cmTC_2a9fe
/opt/homebrew/Cellar/cmake/3.25.1/bin/cmake -E cmake_link_script CMakeFiles/cmTC_2a9fe.dir/link.txt --verbose=1
/usr/bin/clang  -arch arm64 -isysroot /Library/Developer/CommandLineTools/SDKs/MacOSX15.5.sdk -Wl,-search_paths_first -Wl,-headerpad_max_install_names  -v -Wl,-v CMakeFiles/cmTC_2a9fe.dir/CMakeCCompilerABI.c.o -o cmTC_2a9fe 
Apple clang version 17.0.0 (clang-1700.0.13.5)
Target: arm64-apple-darwin24.5.0
Thread model: posix
InstalledDir: /Library/Developer/CommandLineTools/usr/bin
 "/Library/Developer/CommandLineTools/usr/bin/ld" -demangle -lto_library /Library/Developer/CommandLineTools/usr/lib/libLTO.dylib -dynamic -arch arm64 -platform_version macos 15.0.0 15.5 -syslibroot /Library/Developer/CommandLineTools/SDKs/MacOSX15.5.sdk -mllvm -enable-linkonceodr-outlining -o cmTC_2a9fe -search_paths_first -headerpad_max_install_names -v CMakeFiles/cmTC_2a9fe.dir/CMakeCCompilerABI.c.o -lSystem /Library/Developer/CommandLineTools/usr/lib/clang/17/lib/darwin/libclang_rt.osx.a
@(#)PROGRAM:ld PROJECT:ld-1167.5
BUILD 01:45:05 Apr 30 2025
configured to support archs: armv6 armv7 armv7s arm64 arm64e arm64_32 i386 x86_64 x86_64h armv6m armv7k armv7m armv7em
will use ld-classic for: armv6 armv7 armv7s i386 armv6m armv7k armv7m armv7em
LTO support using: LLVM version 17.0.0 (static support for 29, runtime is 29)
TAPI support using: Apple TAPI version 17.0.0 (tapi-1700.0.3.5)
Library search paths:
	/Library/Developer/CommandLineTools/SDKs/MacOSX15.5.sdk/usr/lib
	/Library/Developer/CommandLineTools/SDKs/MacOSX15.5.sdk/usr/lib/swift
Framework search paths:
	/Library/Developer/CommandLineTools/SDKs/MacOSX15.5.sdk/System/Library/Frameworks



Parsed C implicit include dir info from above output: rv=done
  found start of include info
  found start of implicit include info
    add: [/Library/Developer/CommandLineTools/usr/lib/clang/17/include]
    add: [/Library/Developer/CommandLineTools/SDKs/MacOSX15.5.sdk/usr/include]
    add: [/Library/Developer/CommandLineTools/usr/include]
  end of search list found
  collapse include dir [/Library/Developer/CommandLineTools/usr/lib/clang/17/include] ==> [/Library/Developer/CommandLineTools/usr/lib/clang/17/include]
  collapse include dir [/Library/Developer/CommandLineTools/SDKs/MacOSX15.5.sdk/usr/include] ==> [/Library/Developer/CommandLineTools/SDKs/MacOSX15.5.sdk/usr/include]
  collapse include dir [/Library/Developer/CommandLineTools/usr/include] ==> [/Library/Developer/CommandLineTools/usr/include]
  implicit include dirs: [/Library/Developer/CommandLineTools/usr/lib/clang/17/include;/Library/Developer/CommandLineTools/SDKs/MacOSX15.5.sdk/usr/include;/Library/Developer/CommandLineTools/usr/include]


Parsed C implicit link information from above output:
  link line regex: [^( *|.*[/\])(ld|CMAKE_LINK_STARTFILE-NOTFOUND|([^/\]+-)?ld|collect2)[^/\]*( |$)]
  ignore line: [Change Dir: /Users/ggoshab/cpp/console-heart/out/build/Clang/CMakeFiles/CMakeScratch/TryCompile-7VPNWW]
  ignore line: []
  ignore line: [Run Build Command(s):/usr/bin/make -f Makefile cmTC_2a9fe/fast && /Library/Developer/CommandLineTools/usr/bin/make  -f CMakeFiles/cmTC_2a9fe.dir/build.make CMakeFiles/cmTC_2a9fe.dir/build]
  ignore line: [Building C object CMakeFiles/cmTC_2a9fe.dir/CMakeCCompilerABI.c.o]
  ignore line: [/usr/bin/clang   -arch arm64 -isysroot /Library/Developer/CommandLineTools/SDKs/MacOSX15.5.sdk   -v -Wl -v -MD -MT CMakeFiles/cmTC_2a9fe.dir/CMakeCCompilerABI.c.o -MF CMakeFiles/cmTC_2a9fe.dir/CMakeCCompilerABI.c.o.d -o CMakeFiles/cmTC_2a9fe.dir/CMakeCCompilerABI.c.o -c /opt/homebrew/Cellar/cmake/3.25.1/share/cmake/Modules/CMakeCCompilerABI.c]
  ignore line: [Apple clang version 17.0.0 (clang-1700.0.13.5)]
  ignore line: [Target: arm64-apple-darwin24.5.0]
  ignore line: [Thread model: posix]
  ignore line: [InstalledDir: /Library/Developer/CommandLineTools/usr/bin]
  ignore line: [clang: warning: -Wl -v: 'linker' input unused [-Wunused-command-line-argument]]
  ignore line: [ "/Library/Developer/CommandLineTools/usr/bin/clang" -cc1 -triple arm64-apple-macosx15.0.0 -Wundef-prefix=TARGET_OS_ -Wdeprecated-objc-isa-usage -Werror=deprecated-objc-isa-usage -Werror=implicit-function-declaration -emit-obj -disable-free -clear-ast-before-backend -disable-llvm-verifier -discard-value-names -main-file-name CMakeCCompilerABI.c -mrelocation-model pic -pic-level 2 -mframe-pointer=non-leaf -fno-strict-return -ffp-contract=on -fno-rounding-math -funwind-tables=1 -fobjc-msgsend-selector-stubs -target-sdk-version=15.5 -fvisibility-inlines-hidden-static-local-var -fdefine-target-os-macros -fno-assume-unique-vtables -fno-modulemap-allow-subdirectory-search -target-cpu apple-m1 -target-feature +zcm -target-feature +zcz -target-feature +v8.5a -target-feature +aes -target-feature +altnzcv -target-feature +ccdp -target-feature +complxnum -target-feature +crc -target-feature +dotprod -target-feature +fp-armv8 -target-feature +fp16fml -target-feature +fptoint -target-feature +fullfp16 -target-feature +jsconv -target-feature +lse -target-feature +neon -target-feature +pauth -target-feature +perfmon -target-feature +predres -target-feature +ras -target-feature +rcpc -target-feature +rdm -target-feature +sb -target-feature +sha2 -target-feature +sha3 -target-feature +specrestrict -target-feature +ssbs -target-abi darwinpcs -debugger-tuning=lldb -fdebug-compilation-dir=/Users/ggoshab/cpp/console-heart/out/build/Clang/CMakeFiles/CMakeScratch/TryCompile-7VPNWW -target-linker-version 1167.5 -v -fcoverage-compilation-dir=/Users/ggoshab/cpp/console-heart/out/build/Clang/CMakeFiles/CMakeScratch/TryCompile-7VPNWW -resource-dir /Library/Developer/CommandLineTools/usr/lib/clang/17 -dependency-file CMakeFiles/cmTC_2a9fe.dir/CMakeCCompilerABI.c.o.d -skip-unused-modulemap-deps -MT CMakeFiles/cmTC_2a9fe.dir/CMakeCCompilerABI.c.o -sys-header-deps -isysroot /Library/Developer/CommandLineTools/SDKs/MacOSX15.5.sdk -internal-isystem /Library/Developer/CommandLineTools/SDKs/MacOSX15.5.sdk/usr/local/include -internal-isystem /Library/Developer/CommandLineTools/usr/lib/clang/17/include -internal-externc-isystem /Library/Developer/CommandLineTools/SDKs/MacOSX15.5.sdk/usr/include -internal-externc-isystem /Library/Developer/CommandLineTools/usr/include -Wno-reorder-init-list -Wno-implicit-int-float-conversion -Wno-c99-designator -Wno-final-dtor-non-final-class -Wno-extra-semi-stmt -Wno-misleading-indentation -Wno-quoted-include-in-framework-header -Wno-implicit-fallthrough -Wno-enum-enum-conversion -Wno-enum-float-conversion -Wno-elaborated-enum-base -Wno-reserved-identifier -Wno-gnu-folding-constant -ferror-limit 19 -stack-protector 1 -fstack-check -mdarwin-stkchk-strong-link -fblocks -fencode-extended-block-signature -fregister-global-dtors-with-atexit -fgnuc-version=4.2.1 -fskip-odr-check-in-gmf -fmax-type-align=16 -fcommon -clang-vendor-feature=+disableNonDependentMemberExprInCurrentInstantiation -fno-odr-hash-protocols -clang-vendor-feature=+enableAggressiveVLAFolding -clang-vendor-feature=+revert09abecef7bbf -clang-vendor-feature=+thisNoAlignAttr -clang-vendor-feature=+thisNoNullAttr -clang-vendor-feature=+disableAtImportPrivateFrameworkInImplementationError -D__GCC_HAVE_DWARF2_CFI_ASM=1 -o CMakeFiles/cmTC_2a9fe.dir/CMakeCCompilerABI.c.o -x c /opt/homebrew/Cellar/cmake/3.25.1/share/cmake/Modules/CMakeCCompilerABI.c]
  ignore line: [clang -cc1 version 17.0.0 (clang-1700.0.13.5) default target arm64-apple-darwin24.5.0]
  ignore line: [ignoring nonexistent directory "/Library/Developer/CommandLineTools/SDKs/MacOSX15.5.sdk/usr/local/include"]
  ignore line: [ignoring nonexistent directory "/Library/Developer/CommandLineTools/SDKs/MacOSX15.5.sdk/System/Library/SubFrameworks"]
  ignore line: [ignoring nonexistent directory "/Library/Developer/CommandLineTools/SDKs/MacOSX15.5.sdk/Library/Frameworks"]
  ignore line: [#include "..." search starts here:]
  ignore line: [#include <...> search starts here:]
  ignore line: [ /Library/Developer/CommandLineTools/usr/lib/clang/17/include]
  ignore line: [ /Library/Developer/CommandLineTools/SDKs/MacOSX15.5.sdk/usr/include]
  ignore line: [ /Library/Developer/CommandLineTools/usr/include]
  ignore line: [ /Library/Developer/CommandLineTools/SDKs/MacOSX15.5.sdk/System/Library/Frameworks (framework directory)]
  ignore line: [End of search list.]
  ignore line: [Linking C executable cmTC_2a9fe]
  ignore line: [/opt/homebrew/Cellar/cmake/3.25.1/bin/cmake -E cmake_link_script CMakeFiles/cmTC_2a9fe.dir/link.txt --verbose=1]
  ignore line: [/usr/bin/clang  -arch arm64 -isysroot /Library/Developer/CommandLineTools/SDKs/MacOSX15.5.sdk -Wl -search_paths_first -Wl -headerpad_max_install_names  -v -Wl -v CMakeFiles/cmTC_2a9fe.dir/CMakeCCompilerABI.c.o -o cmTC_2a9fe ]
  ignore line: [Apple clang version 17.0.0 (clang-1700.0.13.5)]
  ignore line: [Target: arm64-apple-darwin24.5.0]
  ignore line: [Thread model: posix]
  ignore line: [InstalledDir: /Library/Developer/CommandLineTools/usr/bin]
  link line: [ "/Library/Developer/CommandLineTools/usr/bin/ld" -demangle -lto_library /Library/Developer/CommandLineTools/usr/lib/libLTO.dylib -dynamic -arch arm64 -platform_version macos 15.0.0 15.5 -syslibroot /Library/Developer/CommandLineTools/SDKs/MacOSX15.5.sdk -mllvm -enable-linkonceodr-outlining -o cmTC_2a9fe -search_paths_first -headerpad_max_install_names -v CMakeFiles/cmTC_2a9fe.dir/CMakeCCompilerABI.c.o -lSystem /Library/Developer/CommandLineTools/usr/lib/clang/17/lib/darwin/libclang_rt.osx.a]
    arg [/Library/Developer/CommandLineTools/usr/bin/ld] ==> ignore
    arg [-demangle] ==> ignore
    arg [-lto_library] ==> ignore, skip following value
    arg [/Library/Developer/CommandLineTools/usr/lib/libLTO.dylib] ==> skip value of -lto_library
    arg [-dynamic] ==> ignore
    arg [-arch] ==> ignore
    arg [arm64] ==> ignore
    arg [-platform_version] ==> ignore
    arg [macos] ==> ignore
    arg [15.0.0] ==> ignore
    arg [15.5] ==> ignore
    arg [-syslibroot] ==> ignore
    arg [/Library/Developer/CommandLineTools/SDKs/MacOSX15.5.sdk] ==> ignore
    arg [-mllvm] ==> ignore
    arg [-enable-linkonceodr-outlining] ==> ignore
    arg [-o] ==> ignore
    arg [cmTC_2a9fe] ==> ignore
    arg [-search_paths_first] ==> ignore
    arg [-headerpad_max_install_names] ==> ignore
    arg [-v] ==> ignore
    arg [CMakeFiles/cmTC_2a9fe.dir/CMakeCCompilerABI.c.o] ==> ignore
    arg [-lSystem] ==> lib [System]
    arg [/Library/Developer/CommandLineTools/usr/lib/clang/17/lib/darwin/libclang_rt.osx.a] ==> lib [/Library/Developer/CommandLineTools/usr/lib/clang/17/lib/darwin/libclang_rt.osx.a]
  Library search paths: [;/Library/Developer/CommandLineTools/SDKs/MacOSX15.5.sdk/usr/lib;/Library/Developer/CommandLineTools/SDKs/MacOSX15.5.sdk/usr/lib/swift]
  Framework search paths: [;/Library/Developer/CommandLineTools/SDKs/MacOSX15.5.sdk/System/Library/Frameworks]
  remove lib [System]
  remove lib [/Library/Developer/CommandLineTools/usr/lib/clang/17/lib/darwin/libclang_rt.osx.a]
  collapse library dir [/Library/Developer/CommandLineTools/SDKs/MacOSX15.5.sdk/usr/lib] ==> [/Library/Developer/CommandLineTools/SDKs/MacOSX15.5.sdk/usr/lib]
  collapse library dir [/Library/Developer/CommandLineTools/SDKs/MacOSX15.5.sdk/usr/lib/swift] ==> [/Library/Developer/CommandLineTools/SDKs/MacOSX15.5.sdk/usr/lib/swift]
  collapse framework dir [/Library/Developer/CommandLineTools/SDKs/MacOSX15.5.sdk/System/Library/Frameworks] ==> [/Library/Developer/CommandLineTools/SDKs/MacOSX15.5.sdk/System/Library/Frameworks]
  implicit libs: []
  implicit objs: []
  implicit dirs: [/Library/Developer/CommandLineTools/SDKs/MacOSX15.5.sdk/usr/lib;/Library/Developer/CommandLineTools/SDKs/MacOSX15.5.sdk/usr/lib/swift]
  implicit fwks: [/Library/Developer/CommandLineTools/SDKs/MacOSX15.5.sdk/System/Library/Frameworks]


Detecting CXX compiler ABI info compiled with the following output:
Change Dir: /Users/ggoshab/cpp/console-heart/out/build/Clang/CMakeFiles/CMakeScratch/TryCompile-fDPwsv

Run Build Command(s):/usr/bin/make -f Makefile cmTC_c5d1e/fast && /Library/Developer/CommandLineTools/usr/bin/make  -f CMakeFiles/cmTC_c5d1e.dir/build.make CMakeFiles/cmTC_c5d1e.dir/build
Building CXX object CMakeFiles/cmTC_c5d1e.dir/CMakeCXXCompilerABI.cpp.o
/usr/bin/clang++   -arch arm64 -isysroot /Library/Developer/CommandLineTools/SDKs/MacOSX15.5.sdk   -v -Wl,-v -MD -MT CMakeFiles/cmTC_c5d1e.dir/CMakeCXXCompilerABI.cpp.o -MF CMakeFiles/cmTC_c5d1e.dir/CMakeCXXCompilerABI.cpp.o.d -o CMakeFiles/cmTC_c5d1e.dir/CMakeCXXCompilerABI.cpp.o -c /opt/homebrew/Cellar/cmake/3.25.1/share/cmake/Modules/CMakeCXXCompilerABI.cpp
Apple clang version 17.0.0 (clang-1700.0.13.5)
Target: arm64-apple-darwin24.5.0
Thread model: posix
InstalledDir: /Library/Developer/CommandLineTools/usr/bin
clang++: warning: -Wl,-v: 'linker' input unused [-Wunused-command-line-argument]
ignoring nonexistent directory "/Library/Developer/CommandLineTools/usr/bin/../include/c++/v1"
 "/Library/Developer/CommandLineTools/usr/bin/clang" -cc1 -triple arm64-apple-macosx15.0.0 -Wundef-prefix=TARGET_OS_ -Wdeprecated-objc-isa-usage -Werror=deprecated-objc-isa-usage -Werror=implicit-function-declaration -emit-obj -disable-free -clear-ast-before-backend -disable-llvm-verifier -discard-value-names -main-file-name CMakeCXXCompilerABI.cpp -mrelocation-model pic -pic-level 2 -mframe-pointer=non-leaf -fno-strict-return -ffp-contract=on -fno-rounding-math -funwind-tables=1 -fobjc-msgsend-selector-stubs -target-sdk-version=15.5 -fvisibility-inlines-hidden-static-local-var -fdefine-target-os-macros -fno-assume-unique-vtables -fno-modulemap-allow-subdirectory-search -target-cpu apple-m1 -target-feature +zcm -target-feature +zcz -target-feature +v8.5a -target-feature +aes -target-feature +altnzcv -target-feature +ccdp -target-feature +complxnum -target-feature +crc -target-feature +dotprod -target-feature +fp-armv8 -target-feature +fp16fml -target-feature +fptoint -target-feature +fullfp16 -target-feature +jsconv -target-feature +lse -target-feature +neon -target-feature +pauth -target-feature +perfmon -target-feature +predres -target-feature +ras -target-feature +rcpc -target-feature +rdm -target-feature +sb -target-feature +sha2 -target-feature +sha3 -target-feature +specrestrict -target-feature +ssbs -target-abi darwinpcs -debugger-tuning=lldb -fdebug-compilation-dir=/Users/ggoshab/cpp/console-heart/out/build/Clang/CMakeFiles/CMakeScratch/TryCompile-fDPwsv -target-linker-version 1167.5 -v -fcoverage-compilation-dir=/Users/ggoshab/cpp/console-heart/out/build/Clang/CMakeFiles/CMakeScratch/TryCompile-fDPwsv -resource-dir /Library/Developer/CommandLineTools/usr/lib/clang/17 -dependency-file CMakeFiles/cmTC_c5d1e.dir/CMakeCXXCompilerABI.cpp.o.d -skip-unused-modulemap-deps -MT CMakeFiles/cmTC_c5d1e.dir/CMakeCXXCompilerABI.cpp.o -sys-header-deps -isysroot /Library/Developer/CommandLineTools/SDKs/MacOSX15.5.sdk -internal-isystem /Library/Developer/CommandLineTools/SDKs/MacOSX15.5.sdk/usr/include/c++/v1 -internal-isystem /Library/Developer/CommandLineTools/SDKs/MacOSX15.5.sdk/usr/local/include -internal-isystem /Library/Developer/CommandLineTools/usr/lib/clang/17/include -internal-externc-isystem /Library/Developer/CommandLineTools/SDKs/MacOSX15.5.sdk/usr/include -internal-externc-isystem /Library/Developer/CommandLineTools/usr/include -Wno-reorder-init-list -Wno-implicit-int-float-conversion -Wno-c99-designator -Wno-final-dtor-non-final-class -Wno-extra-semi-stmt -Wno-misleading-indentation -Wno-quoted-include-in-framework-header -Wno-implicit-fallthrough -Wno-enum-enum-conversion -Wno-enum-float-conversion -Wno-elaborated-enum-base -Wno-reserved-identifier -Wno-gnu-folding-constant -fdeprecated-macro -ferror-limit 19 -stack-protector 1 -fstack-check -mdarwin-stkchk-strong-link -fblocks -fencode-extended-block-signature -fregister-global-dtors-with-atexit -fgnuc-version=4.2.1 -fno-cxx-modules -fskip-odr-check-in-gmf -fcxx-exceptions -fexceptions -fmax-type-align=16 -fcommon -clang-vendor-feature=+disableNonDependentMemberExprInCurrentInstantiation -fno-odr-hash-protocols -clang-vendor-feature=+enableAggressiveVLAFolding -clang-vendor-feature=+revert09abecef7bbf -clang-vendor-feature=+thisNoAlignAttr -clang-vendor-feature=+thisNoNullAttr -clang-vendor-feature=+disableAtImportPrivateFrameworkInImplementationError -D__GCC_HAVE_DWARF2_CFI_ASM=1 -o CMakeFiles/cmTC_c5d1e.dir/CMakeCXXCompilerABI.cpp.o -x c++ /opt/homebrew/Cellar/cmake/3.25.1/share/cmake/Modules/CMakeCXXCompilerABI.cpp
clang -cc1 version 17.0.0 (clang-1700.0.13.5) default target arm64-apple-darwin24.5.0
ignoring nonexistent directory "/Library/Developer/CommandLineTools/SDKs/MacOSX15.5.sdk/usr/local/include"
ignoring nonexistent directory "/Library/Developer/CommandLineTools/SDKs/MacOSX15.5.sdk/System/Library/SubFrameworks"
ignoring nonexistent directory "/Library/Developer/CommandLineTools/SDKs/MacOSX15.5.sdk/Library/Frameworks"
#include "..." search starts here:
#include <...> search starts here:
 /Library/Developer/CommandLineTools/SDKs/MacOSX15.5.sdk/usr/include/c++/v1
 /Library/Developer/CommandLineTools/usr/lib/clang/17/include
 /Library/Developer/CommandLineTools/SDKs/MacOSX15.5.sdk/usr/include
 /Library/Developer/CommandLineTools/usr/include
 /Library/Developer/CommandLineTools/SDKs/MacOSX15.5.sdk/System/Library/Frameworks (framework directory)
End of search list.
Linking CXX executable cmTC_c5d1e
/opt/homebrew/Cellar/cmake/3.25.1/bin/cmake -E cmake_link_script CMakeFiles/cmTC_c5d1e.dir/link.txt --verbose=1
/usr/bin/clang++  -arch arm64 -isysroot /Library/Developer/CommandLineTools/SDKs/MacOSX15.5.sdk -Wl,-search_paths_first -Wl,-headerpad_max_install_names  -v -Wl,-v CMakeFiles/cmTC_c5d1e.dir/CMakeCXXCompilerABI.cpp.o -o cmTC_c5d1e 
Apple clang version 17.0.0 (clang-1700.0.13.5)
Target: arm64-apple-darwin24.5.0
Thread model: posix
InstalledDir: /Library/Developer/CommandLineTools/usr/bin
 "/Library/Developer/CommandLineTools/usr/bin/ld" -demangle -lto_library /Library/Developer/CommandLineTools/usr/lib/libLTO.dylib -dynamic -arch arm64 -platform_version macos 15.0.0 15.5 -syslibroot /Library/Developer/CommandLineTools/SDKs/MacOSX15.5.sdk -mllvm -enable-linkonceodr-outlining -o cmTC_c5d1e -search_paths_first -headerpad_max_install_names -v CMakeFiles/cmTC_c5d1e.dir/CMakeCXXCompilerABI.cpp.o -lc++ -lSystem /Library/Developer/CommandLineTools/usr/lib/clang/17/lib/darwin/libclang_rt.osx.a
@(#)PROGRAM:ld PROJECT:ld-1167.5
BUILD 01:45:05 Apr 30 2025
configured to support archs: armv6 armv7 armv7s arm64 arm64e arm64_32 i386 x86_64 x86_64h armv6m armv7k armv7m armv7em
will use ld-classic for: armv6 armv7 armv7s i386 armv6m armv7k armv7m armv7em
LTO support using: LLVM version 17.0.0 (static support for 29, runtime is 29)
TAPI support using: Apple TAPI version 17.0.0 (tapi-1700.0.3.5)
Library search paths:
	/Library/Developer/CommandLineTools/SDKs/MacOSX15.5.sdk/usr/lib
	/Library/Developer/CommandLineTools/SDKs/MacOSX15.5.sdk/usr/lib/swift
Framework search paths:
	/Library/Developer/CommandLineTools/SDKs/MacOSX15.5.sdk/System/Library/Frameworks



Parsed CXX implicit include dir info from above output: rv=done
  found start of include info
  found start of implicit include info
    add: [/Library/Developer/CommandLineTools/SDKs/MacOSX15.5.sdk/usr/include/c++/v1]
    add: [/Library/Developer/CommandLineTools/usr/lib/clang/17/include]
    add: [/Library/Developer/CommandLineTools/SDKs/MacOSX15.5.sdk/usr/include]
    add: [/Library/Developer/CommandLineTools/usr/include]
  end of search list found
  collapse include dir [/Library/Developer/CommandLineTools/SDKs/MacOSX15.5.sdk/usr/include/c++/v1] ==> [/Library/Developer/CommandLineTools/SDKs/MacOSX15.5.sdk/usr/include/c++/v1]
  collapse include dir [/Library/Developer/CommandLineTools/usr/lib/clang/17/include] ==> [/Library/Developer/CommandLineTools/usr/lib/clang/17/include]
  collapse include dir [/Library/Developer/CommandLineTools/SDKs/MacOSX15.5.sdk/usr/include] ==> [/Library/Developer/CommandLineTools/SDKs/MacOSX15.5.sdk/usr/include]
  collapse include dir [/Library/Developer/CommandLineTools/usr/include] ==> [/Library/Developer/CommandLineTools/usr/include]
  implicit include dirs: [/Library/Developer/CommandLineTools/SDKs/MacOSX15.5.sdk/usr/include/c++/v1;/Library/Developer/CommandLineTools/usr/lib/clang/17/include;/Library/Developer/CommandLineTools/SDKs/MacOSX15.5.sdk/usr/include;/Library/Developer/CommandLineTools/usr/include]


Parsed CXX implicit link information from above output:
  link line regex: [^( *|.*[/\])(ld|CMAKE_LINK_STARTFILE-NOTFOUND|([^/\]+-)?ld|collect2)[^/\]*( |$)]
  ignore line: [Change Dir: /Users/ggoshab/cpp/console-heart/out/build/Clang/CMakeFiles/CMakeScratch/TryCompile-fDPwsv]
  ignore line: []
  ignore line: [Run Build Command(s):/usr/bin/make -f Makefile cmTC_c5d1e/fast && /Library/Developer/CommandLineTools/usr/bin/make  -f CMakeFiles/cmTC_c5d1e.dir/build.make CMakeFiles/cmTC_c5d1e.dir/build]
  ignore line: [Building CXX object CMakeFiles/cmTC_c5d1e.dir/CMakeCXXCompilerABI.cpp.o]
  ignore line: [/usr/bin/clang++   -arch arm64 -isysroot /Library/Developer/CommandLineTools/SDKs/MacOSX15.5.sdk   -v -Wl -v -MD -MT CMakeFiles/cmTC_c5d1e.dir/CMakeCXXCompilerABI.cpp.o -MF CMakeFiles/cmTC_c5d1e.dir/CMakeCXXCompilerABI.cpp.o.d -o CMakeFiles/cmTC_c5d1e.dir/CMakeCXXCompilerABI.cpp.o -c /opt/homebrew/Cellar/cmake/3.25.1/share/cmake/Modules/CMakeCXXCompilerABI.cpp]
  ignore line: [Apple clang version 17.0.0 (clang-1700.0.13.5)]
  ignore line: [Target: arm64-apple-darwin24.5.0]
  ignore line: [Thread model: posix]
  ignore line: [InstalledDir: /Library/Developer/CommandLineTools/usr/bin]
  ignore line: [clang++: warning: -Wl -v: 'linker' input unused [-Wunused-command-line-argument]]
  ignore line: [ignoring nonexistent directory "/Library/Developer/CommandLineTools/usr/bin/../include/c++/v1"]
  ignore line: [ "/Library/Developer/CommandLineTools/usr/bin/clang" -cc1 -triple arm64-apple-macosx15.0.0 -Wundef-prefix=TARGET_OS_ -Wdeprecated-objc-isa-usage -Werror=deprecated-objc-isa-usage -Werror=implicit-function-declaration -emit-obj -disable-free -clear-ast-before-backend -disable-llvm-verifier -discard-value-names -main-file-name CMakeCXXCompilerABI.cpp -mrelocation-model pic -pic-level 2 -mframe-pointer=non-leaf -fno-strict-return -ffp-contract=on -fno-rounding-math -funwind-tables=1 -fobjc-msgsend-selector-stubs -target-sdk-version=15.5 -fvisibility-inlines-hidden-static-local-var -fdefine-target-os-macros -fno-assume-unique-vtables -fno-modulemap-allow-subdirectory-search -target-cpu apple-m1 -target-feature +zcm -target-feature +zcz -target-feature +v8.5a -target-feature +aes -target-feature +altnzcv -target-feature +ccdp -target-feature +complxnum -target-feature +crc -target-feature +dotprod -target-feature +fp-armv8 -target-feature +fp16fml -target-feature +fptoint -target-feature +fullfp16 -target-feature +jsconv -target-feature +lse -target-feature +neon -target-feature +pauth -target-feature +perfmon -target-feature +predres -target-feature +ras -target-feature +rcpc -target-feature +rdm -target-feature +sb -target-feature +sha2 -target-feature +sha3 -target-feature +specrestrict -target-feature +ssbs -target-abi darwinpcs -debugger-tuning=lldb -fdebug-compilation-dir=/Users/ggoshab/cpp/console-heart/out/build/Clang/CMakeFiles/CMakeScratch/TryCompile-fDPwsv -target-linker-version 1167.5 -v -fcoverage-compilation-dir=/Users/ggoshab/cpp/console-heart/out/build/Clang/CMakeFiles/CMakeScratch/TryCompile-fDPwsv -resource-dir /Library/Developer/CommandLineTools/usr/lib/clang/17 -dependency-file CMakeFiles/cmTC_c5d1e.dir/CMakeCXXCompilerABI.cpp.o.d -skip-unused-modulemap-deps -MT CMakeFiles/cmTC_c5d1e.dir/CMakeCXXCompilerABI.cpp.o -sys-header-deps -isysroot /Library/Developer/CommandLineTools/SDKs/MacOSX15.5.sdk -internal-isystem /Library/Developer/CommandLineTools/SDKs/MacOSX15.5.sdk/usr/include/c++/v1 -internal-isystem /Library/Developer/CommandLineTools/SDKs/MacOSX15.5.sdk/usr/local/include -internal-isystem /Library/Developer/CommandLineTools/usr/lib/clang/17/include -internal-externc-isystem /Library/Developer/CommandLineTools/SDKs/MacOSX15.5.sdk/usr/include -internal-externc-isystem /Library/Developer/CommandLineTools/usr/include -Wno-reorder-init-list -Wno-implicit-int-float-conversion -Wno-c99-designator -Wno-final-dtor-non-final-class -Wno-extra-semi-stmt -Wno-misleading-indentation -Wno-quoted-include-in-framework-header -Wno-implicit-fallthrough -Wno-enum-enum-conversion -Wno-enum-float-conversion -Wno-elaborated-enum-base -Wno-reserved-identifier -Wno-gnu-folding-constant -fdeprecated-macro -ferror-limit 19 -stack-protector 1 -fstack-check -mdarwin-stkchk-strong-link -fblocks -fencode-extended-block-signature -fregister-global-dtors-with-atexit -fgnuc-version=4.2.1 -fno-cxx-modules -fskip-odr-check-in-gmf -fcxx-exceptions -fexceptions -fmax-type-align=16 -fcommon -clang-vendor-feature=+disableNonDependentMemberExprInCurrentInstantiation -fno-odr-hash-protocols -clang-vendor-feature=+enableAggressiveVLAFolding -clang-vendor-feature=+revert09abecef7bbf -clang-vendor-feature=+thisNoAlignAttr -clang-vendor-feature=+thisNoNullAttr -clang-vendor-feature=+disableAtImportPrivateFrameworkInImplementationError -D__GCC_HAVE_DWARF2_CFI_ASM=1 -o CMakeFiles/cmTC_c5d1e.dir/CMakeCXXCompilerABI.cpp.o -x c++ /opt/homebrew/Cellar/cmake/3.25.1/share/cmake/Modules/CMakeCXXCompilerABI.cpp]
  ignore line: [clang -cc1 version 17.0.0 (clang-1700.0.13.5) default target arm64-apple-darwin24.5.0]
  ignore line: [ignoring nonexistent directory "/Library/Developer/CommandLineTools/SDKs/MacOSX15.5.sdk/usr/local/include"]
  ignore line: [ignoring nonexistent directory "/Library/Developer/CommandLineTools/SDKs/MacOSX15.5.sdk/System/Library/SubFrameworks"]
  ignore line: [ignoring nonexistent directory "/Library/Developer/CommandLineTools/SDKs/MacOSX15.5.sdk/Library/Frameworks"]
  ignore line: [#include "..." search starts here:]
  ignore line: [#include <...> search starts here:]
  ignore line: [ /Library/Developer/CommandLineTools/SDKs/MacOSX15.5.sdk/usr/include/c++/v1]
  ignore line: [ /Library/Developer/CommandLineTools/usr/lib/clang/17/include]
  ignore line: [ /Library/Developer/CommandLineTools/SDKs/MacOSX15.5.sdk/usr/include]
  ignore line: [ /Library/Developer/CommandLineTools/usr/include]
  ignore line: [ /Library/Developer/CommandLineTools/SDKs/MacOSX15.5.sdk/System/Library/Frameworks (framework directory)]
  ignore line: [End of search list.]
  ignore line: [Linking CXX executable cmTC_c5d1e]
  ignore line: [/opt/homebrew/Cellar/cmake/3.25.1/bin/cmake -E cmake_link_script CMakeFiles/cmTC_c5d1e.dir/link.txt --verbose=1]
  ignore line: [/usr/bin/clang++  -arch arm64 -isysroot /Library/Developer/CommandLineTools/SDKs/MacOSX15.5.sdk -Wl -search_paths_first -Wl -headerpad_max_install_names  -v -Wl -v CMakeFiles/cmTC_c5d1e.dir/CMakeCXXCompilerABI.cpp.o -o cmTC_c5d1e ]
  ignore line: [Apple clang version 17.0.0 (clang-1700.0.13.5)]
  ignore line: [Target: arm64-apple-darwin24.5.0]
  ignore line: [Thread model: posix]
  ignore line: [InstalledDir: /Library/Developer/CommandLineTools/usr/bin]
  link line: [ "/Library/Developer/CommandLineTools/usr/bin/ld" -demangle -lto_library /Library/Developer/CommandLineTools/usr/lib/libLTO.dylib -dynamic -arch arm64 -platform_version macos 15.0.0 15.5 -syslibroot /Library/Developer/CommandLineTools/SDKs/MacOSX15.5.sdk -mllvm -enable-linkonceodr-outlining -o cmTC_c5d1e -search_paths_first -headerpad_max_install_names -v CMakeFiles/cmTC_c5d1e.dir/CMakeCXXCompilerABI.cpp.o -lc++ -lSystem /Library/Developer/CommandLineTools/usr/lib/clang/17/lib/darwin/libclang_rt.osx.a]
    arg [/Library/Developer/CommandLineTools/usr/bin/ld] ==> ignore
    arg [-demangle] ==> ignore
    arg [-lto_library] ==> ignore, skip following value
    arg [/Library/Developer/CommandLineTools/usr/lib/libLTO.dylib] ==> skip value of -lto_library
    arg [-dynamic] ==> ignore
    arg [-arch] ==> ignore
    arg [arm64] ==> ignore
    arg [-platform_version] ==> ignore
    arg [macos] ==> ignore
    arg [15.0.0] ==> ignore
    arg [15.5] ==> ignore
    arg [-syslibroot] ==> ignore
    arg [/Library/Developer/CommandLineTools/SDKs/MacOSX15.5.sdk] ==> ignore
    arg [-mllvm] ==> ignore
    arg [-enable-linkonceodr-outlining] ==> ignore
    arg [-o] ==> ignore
    arg [cmTC_c5d1e] ==> ignore
    arg [-search_paths_first] ==> ignore
    arg [-headerpad_max_install_names] ==> ignore
    arg [-v] ==> ignore
    arg [CMakeFiles/cmTC_c5d1e.dir/CMakeCXXCompilerABI.cpp.o] ==> ignore
    arg [-lc++] ==> lib [c++]
    arg [-lSystem] ==> lib [System]
    arg [/Library/Developer/CommandLineTools/usr/lib/clang/17/lib/darwin/libclang_rt.osx.a] ==> lib [/Library/Developer/CommandLineTools/usr/lib/clang/17/lib/darwin/libclang_rt.osx.a]
  Library search paths: [;/Library/Developer/CommandLineTools/SDKs/MacOSX15.5.sdk/usr/lib;/Library/Developer/CommandLineTools/SDKs/MacOSX15.5.sdk/usr/lib/swift]
  Framework search paths: [;/Library/Developer/CommandLineTools/SDKs/MacOSX15.5.sdk/System/Library/Frameworks]
  remove lib [System]
  remove lib [/Library/Developer/CommandLineTools/usr/lib/clang/17/lib/darwin/libclang_rt.osx.a]
  collapse library dir [/Library/Developer/CommandLineTools/SDKs/MacOSX15.5.sdk/usr/lib] ==> [/Library/Developer/CommandLineTools/SDKs/MacOSX15.5.sdk/usr/lib]
  collapse library dir [/Library/Developer/CommandLineTools/SDKs/MacOSX15.5.sdk/usr/lib/swift] ==> [/Library/Developer/CommandLineTools/SDKs/MacOSX15.5.sdk/usr/lib/swift]
  collapse framework dir [/Library/Developer/CommandLineTools/SDKs/MacOSX15.5.sdk/System/Library/Frameworks] ==> [/Library/Developer/CommandLineTools/SDKs/MacOSX15.5.sdk/System/Library/Frameworks]
  implicit libs: [c++]
  implicit objs: []
  implicit dirs: [/Library/Developer/CommandLineTools/SDKs/MacOSX15.5.sdk/usr/lib;/Library/Developer/CommandLineTools/SDKs/MacOSX15.5.sdk/usr/lib/swift]
  implicit fwks: [/Library/Developer/CommandLineTools/SDKs/MacOSX15.5.sdk/System/Library/Frameworks]


The system is: Darwin - 24.5.0 - arm64
Compiling the C compiler identification source file "CMakeCCompilerId.c" succeeded.
Compiler: /usr/bin/clang 
Build flags: 
Id flags:  

The output was:
0


Compilation of the C compiler identification source "CMakeCCompilerId.c" produced "a.out"

The C compiler identification is AppleClang, found in "/Users/ggoshab/cpp/console-heart/out/build/Clang/CMakeFiles/3.25.1/CompilerIdC/a.out"

Compiling the CXX compiler identification source file "CMakeCXXCompilerId.cpp" succeeded.
Compiler: /usr/bin/clang++ 
Build flags: 
Id flags:  

The output was:
0


Compilation of the CXX compiler identification source "CMakeCXXCompilerId.cpp" produced "a.out"

The CXX compiler identification is AppleClang, found in "/Users/ggoshab/cpp/console-heart/out/build/Clang/CMakeFiles/3.25.1/CompilerIdCXX/a.out"

Detecting C compiler ABI info compiled with the following output:
Change Dir: /Users/ggoshab/cpp/console-heart/out/build/Clang/CMakeFiles/CMakeScratch/TryCompile-0LxvCu

Run Build Command(s):/usr/bin/make -f Makefile cmTC_bb40a/fast && /Library/Developer/CommandLineTools/usr/bin/make  -f CMakeFiles/cmTC_bb40a.dir/build.make CMakeFiles/cmTC_bb40a.dir/build
Building C object CMakeFiles/cmTC_bb40a.dir/CMakeCCompilerABI.c.o
/usr/bin/clang   -arch arm64 -isysroot /Library/Developer/CommandLineTools/SDKs/MacOSX15.5.sdk   -v -Wl,-v -MD -MT CMakeFiles/cmTC_bb40a.dir/CMakeCCompilerABI.c.o -MF CMakeFiles/cmTC_bb40a.dir/CMakeCCompilerABI.c.o.d -o CMakeFiles/cmTC_bb40a.dir/CMakeCCompilerABI.c.o -c /opt/homebrew/Cellar/cmake/3.25.1/share/cmake/Modules/CMakeCCompilerABI.c
Apple clang version 17.0.0 (clang-1700.0.13.5)
Target: arm64-apple-darwin24.5.0
Thread model: posix
InstalledDir: /Library/Developer/CommandLineTools/usr/bin
clang: warning: -Wl,-v: 'linker' input unused [-Wunused-command-line-argument]
 "/Library/Developer/CommandLineTools/usr/bin/clang" -cc1 -triple arm64-apple-macosx15.0.0 -Wundef-prefix=TARGET_OS_ -Wdeprecated-objc-isa-usage -Werror=deprecated-objc-isa-usage -Werror=implicit-function-declaration -emit-obj -disable-free -clear-ast-before-backend -disable-llvm-verifier -discard-value-names -main-file-name CMakeCCompilerABI.c -mrelocation-model pic -pic-level 2 -mframe-pointer=non-leaf -fno-strict-return -ffp-contract=on -fno-rounding-math -funwind-tables=1 -fobjc-msgsend-selector-stubs -target-sdk-version=15.5 -fvisibility-inlines-hidden-static-local-var -fdefine-target-os-macros -fno-assume-unique-vtables -fno-modulemap-allow-subdirectory-search -target-cpu apple-m1 -target-feature +zcm -target-feature +zcz -target-feature +v8.5a -target-feature +aes -target-feature +altnzcv -target-feature +ccdp -target-feature +complxnum -target-feature +crc -target-feature +dotprod -target-feature +fp-armv8 -target-feature +fp16fml -target-feature +fptoint -target-feature +fullfp16 -target-feature +jsconv -target-feature +lse -target-feature +neon -target-feature +pauth -target-feature +perfmon -target-feature +predres -target-feature +ras -target-feature +rcpc -target-feature +rdm -target-feature +sb -target-feature +sha2 -target-feature +sha3 -target-feature +specrestrict -target-feature +ssbs -target-abi darwinpcs -debugger-tuning=lldb -fdebug-compilation-dir=/Users/ggoshab/cpp/console-heart/out/build/Clang/CMakeFiles/CMakeScratch/TryCompile-0LxvCu -target-linker-version 1167.5 -v -fcoverage-compilation-dir=/Users/ggoshab/cpp/console-heart/out/build/Clang/CMakeFiles/CMakeScratch/TryCompile-0LxvCu -resource-dir /Library/Developer/CommandLineTools/usr/lib/clang/17 -dependency-file CMakeFiles/cmTC_bb40a.dir/CMakeCCompilerABI.c.o.d -skip-unused-modulemap-deps -MT CMakeFiles/cmTC_bb40a.dir/CMakeCCompilerABI.c.o -sys-header-deps -isysroot /Library/Developer/CommandLineTools/SDKs/MacOSX15.5.sdk -internal-isystem /Library/Developer/CommandLineTools/SDKs/MacOSX15.5.sdk/usr/local/include -internal-isystem /Library/Developer/CommandLineTools/usr/lib/clang/17/include -internal-externc-isystem /Library/Developer/CommandLineTools/SDKs/MacOSX15.5.sdk/usr/include -internal-externc-isystem /Library/Developer/CommandLineTools/usr/include -Wno-reorder-init-list -Wno-implicit-int-float-conversion -Wno-c99-designator -Wno-final-dtor-non-final-class -Wno-extra-semi-stmt -Wno-misleading-indentation -Wno-quoted-include-in-framework-header -Wno-implicit-fallthrough -Wno-enum-enum-conversion -Wno-enum-float-conversion -Wno-elaborated-enum-base -Wno-reserved-identifier -Wno-gnu-folding-constant -ferror-limit 19 -stack-protector 1 -fstack-check -mdarwin-stkchk-strong-link -fblocks -fencode-extended-block-signature -fregister-global-dtors-with-atexit -fgnuc-version=4.2.1 -fskip-odr-check-in-gmf -fmax-type-align=16 -fcommon -clang-vendor-feature=+disableNonDependentMemberExprInCurrentInstantiation -fno-odr-hash-protocols -clang-vendor-feature=+enableAggressiveVLAFolding -clang-vendor-feature=+revert09abecef7bbf -clang-vendor-feature=+thisNoAlignAttr -clang-vendor-feature=+thisNoNullAttr -clang-vendor-feature=+disableAtImportPrivateFrameworkInImplementationError -D__GCC_HAVE_DWARF2_CFI_ASM=1 -o CMakeFiles/cmTC_bb40a.dir/CMakeCCompilerABI.c.o -x c /opt/homebrew/Cellar/cmake/3.25.1/share/cmake/Modules/CMakeCCompilerABI.c
clang -cc1 version 17.0.0 (clang-1700.0.13.5) default target arm64-apple-darwin24.5.0
ignoring nonexistent directory "/Library/Developer/CommandLineTools/SDKs/MacOSX15.5.sdk/usr/local/include"
ignoring nonexistent directory "/Library/Developer/CommandLineTools/SDKs/MacOSX15.5.sdk/System/Library/SubFrameworks"
ignoring nonexistent directory "/Library/Developer/CommandLineTools/SDKs/MacOSX15.5.sdk/Library/Frameworks"
#include "..." search starts here:
#include <...> search starts here:
 /Library/Developer/CommandLineTools/usr/lib/clang/17/include
 /Library/Developer/CommandLineTools/SDKs/MacOSX15.5.sdk/usr/include
 /Library/Developer/CommandLineTools/usr/include
 /Library/Developer/CommandLineTools/SDKs/MacOSX15.5.sdk/System/Library/Frameworks (framework directory)
End of search list.
Linking C executable cmTC_bb40a
/opt/homebrew/Cellar/cmake/3.25.1/bin/cmake -E cmake_link_script CMakeFiles/cmTC_bb40a.dir/link.txt --verbose=1
/usr/bin/clang  -arch arm64 -isysroot /Library/Developer/CommandLineTools/SDKs/MacOSX15.5.sdk -Wl,-search_paths_first -Wl,-headerpad_max_install_names  -v -Wl,-v CMakeFiles/cmTC_bb40a.dir/CMakeCCompilerABI.c.o -o cmTC_bb40a 
Apple clang version 17.0.0 (clang-1700.0.13.5)
Target: arm64-apple-darwin24.5.0
Thread model: posix
InstalledDir: /Library/Developer/CommandLineTools/usr/bin
 "/Library/Developer/CommandLineTools/usr/bin/ld" -demangle -lto_library /Library/Developer/CommandLineTools/usr/lib/libLTO.dylib -dynamic -arch arm64 -platform_version macos 15.0.0 15.5 -syslibroot /Library/Developer/CommandLineTools/SDKs/MacOSX15.5.sdk -mllvm -enable-linkonceodr-outlining -o cmTC_bb40a -search_paths_first -headerpad_max_install_names -v CMakeFiles/cmTC_bb40a.dir/CMakeCCompilerABI.c.o -lSystem /Library/Developer/CommandLineTools/usr/lib/clang/17/lib/darwin/libclang_rt.osx.a
@(#)PROGRAM:ld PROJECT:ld-1167.5
BUILD 01:45:05 Apr 30 2025
configured to support archs: armv6 armv7 armv7s arm64 arm64e arm64_32 i386 x86_64 x86_64h armv6m armv7k armv7m armv7em
will use ld-classic for: armv6 armv7 armv7s i386 armv6m armv7k armv7m armv7em
LTO support using: LLVM version 17.0.0 (static support for 29, runtime is 29)
TAPI support using: Apple TAPI version 17.0.0 (tapi-1700.0.3.5)
Library search paths:
	/Library/Developer/CommandLineTools/SDKs/MacOSX15.5.sdk/usr/lib
	/Library/Developer/CommandLineTools/SDKs/MacOSX15.5.sdk/usr/lib/swift
Framework search paths:
	/Library/Developer/CommandLineTools/SDKs/MacOSX15.5.sdk/System/Library/Frameworks



Parsed C implicit include dir info from above output: rv=done
  found start of include info
  found start of implicit include info
    add: [/Library/Developer/CommandLineTools/usr/lib/clang/17/include]
    add: [/Library/Developer/CommandLineTools/SDKs/MacOSX15.5.sdk/usr/include]
    add: [/Library/Developer/CommandLineTools/usr/include]
  end of search list found
  collapse include dir [/Library/Developer/CommandLineTools/usr/lib/clang/17/include] ==> [/Library/Developer/CommandLineTools/usr/lib/clang/17/include]
  collapse include dir [/Library/Developer/CommandLineTools/SDKs/MacOSX15.5.sdk/usr/include] ==> [/Library/Developer/CommandLineTools/SDKs/MacOSX15.5.sdk/usr/include]
  collapse include dir [/Library/Developer/CommandLineTools/usr/include] ==> [/Library/Developer/CommandLineTools/usr/include]
  implicit include dirs: [/Library/Developer/CommandLineTools/usr/lib/clang/17/include;/Library/Developer/CommandLineTools/SDKs/MacOSX15.5.sdk/usr/include;/Library/Developer/CommandLineTools/usr/include]


Parsed C implicit link information from above output:
  link line regex: [^( *|.*[/\])(ld|CMAKE_LINK_STARTFILE-NOTFOUND|([^/\]+-)?ld|collect2)[^/\]*( |$)]
  ignore line: [Change Dir: /Users/ggoshab/cpp/console-heart/out/build/Clang/CMakeFiles/CMakeScratch/TryCompile-0LxvCu]
  ignore line: []
  ignore line: [Run Build Command(s):/usr/bin/make -f Makefile cmTC_bb40a/fast && /Library/Developer/CommandLineTools/usr/bin/make  -f CMakeFiles/cmTC_bb40a.dir/build.make CMakeFiles/cmTC_bb40a.dir/build]
  ignore line: [Building C object CMakeFiles/cmTC_bb40a.dir/CMakeCCompilerABI.c.o]
  ignore line: [/usr/bin/clang   -arch arm64 -isysroot /Library/Developer/CommandLineTools/SDKs/MacOSX15.5.sdk   -v -Wl -v -MD -MT CMakeFiles/cmTC_bb40a.dir/CMakeCCompilerABI.c.o -MF CMakeFiles/cmTC_bb40a.dir/CMakeCCompilerABI.c.o.d -o CMakeFiles/cmTC_bb40a.dir/CMakeCCompilerABI.c.o -c /opt/homebrew/Cellar/cmake/3.25.1/share/cmake/Modules/CMakeCCompilerABI.c]
  ignore line: [Apple clang version 17.0.0 (clang-1700.0.13.5)]
  ignore line: [Target: arm64-apple-darwin24.5.0]
  ignore line: [Thread model: posix]
  ignore line: [InstalledDir: /Library/Developer/CommandLineTools/usr/bin]
  ignore line: [clang: warning: -Wl -v: 'linker' input unused [-Wunused-command-line-argument]]
  ignore line: [ "/Library/Developer/CommandLineTools/usr/bin/clang" -cc1 -triple arm64-apple-macosx15.0.0 -Wundef-prefix=TARGET_OS_ -Wdeprecated-objc-isa-usage -Werror=deprecated-objc-isa-usage -Werror=implicit-function-declaration -emit-obj -disable-free -clear-ast-before-backend -disable-llvm-verifier -discard-value-names -main-file-name CMakeCCompilerABI.c -mrelocation-model pic -pic-level 2 -mframe-pointer=non-leaf -fno-strict-return -ffp-contract=on -fno-rounding-math -funwind-tables=1 -fobjc-msgsend-selector-stubs -target-sdk-version=15.5 -fvisibility-inlines-hidden-static-local-var -fdefine-target-os-macros -fno-assume-unique-vtables -fno-modulemap-allow-subdirectory-search -target-cpu apple-m1 -target-feature +zcm -target-feature +zcz -target-feature +v8.5a -target-feature +aes -target-feature +altnzcv -target-feature +ccdp -target-feature +complxnum -target-feature +crc -target-feature +dotprod -target-feature +fp-armv8 -target-feature +fp16fml -target-feature +fptoint -target-feature +fullfp16 -target-feature +jsconv -target-feature +lse -target-feature +neon -target-feature +pauth -target-feature +perfmon -target-feature +predres -target-feature +ras -target-feature +rcpc -target-feature +rdm -target-feature +sb -target-feature +sha2 -target-feature +sha3 -target-feature +specrestrict -target-feature +ssbs -target-abi darwinpcs -debugger-tuning=lldb -fdebug-compilation-dir=/Users/ggoshab/cpp/console-heart/out/build/Clang/CMakeFiles/CMakeScratch/TryCompile-0LxvCu -target-linker-version 1167.5 -v -fcoverage-compilation-dir=/Users/ggoshab/cpp/console-heart/out/build/Clang/CMakeFiles/CMakeScratch/TryCompile-0LxvCu -resource-dir /Library/Developer/CommandLineTools/usr/lib/clang/17 -dependency-file CMakeFiles/cmTC_bb40a.dir/CMakeCCompilerABI.c.o.d -skip-unused-modulemap-deps -MT CMakeFiles/cmTC_bb40a.dir/CMakeCCompilerABI.c.o -sys-header-deps -isysroot /Library/Developer/CommandLineTools/SDKs/MacOSX15.5.sdk -internal-isystem /Library/Developer/CommandLineTools/SDKs/MacOSX15.5.sdk/usr/local/include -internal-isystem /Library/Developer/CommandLineTools/usr/lib/clang/17/include -internal-externc-isystem /Library/Developer/CommandLineTools/SDKs/MacOSX15.5.sdk/usr/include -internal-externc-isystem /Library/Developer/CommandLineTools/usr/include -Wno-reorder-init-list -Wno-implicit-int-float-conversion -Wno-c99-designator -Wno-final-dtor-non-final-class -Wno-extra-semi-stmt -Wno-misleading-indentation -Wno-quoted-include-in-framework-header -Wno-implicit-fallthrough -Wno-enum-enum-conversion -Wno-enum-float-conversion -Wno-elaborated-enum-base -Wno-reserved-identifier -Wno-gnu-folding-constant -ferror-limit 19 -stack-protector 1 -fstack-check -mdarwin-stkchk-strong-link -fblocks -fencode-extended-block-signature -fregister-global-dtors-with-atexit -fgnuc-version=4.2.1 -fskip-odr-check-in-gmf -fmax-type-align=16 -fcommon -clang-vendor-feature=+disableNonDependentMemberExprInCurrentInstantiation -fno-odr-hash-protocols -clang-vendor-feature=+enableAggressiveVLAFolding -clang-vendor-feature=+revert09abecef7bbf -clang-vendor-feature=+thisNoAlignAttr -clang-vendor-feature=+thisNoNullAttr -clang-vendor-feature=+disableAtImportPrivateFrameworkInImplementationError -D__GCC_HAVE_DWARF2_CFI_ASM=1 -o CMakeFiles/cmTC_bb40a.dir/CMakeCCompilerABI.c.o -x c /opt/homebrew/Cellar/cmake/3.25.1/share/cmake/Modules/CMakeCCompilerABI.c]
  ignore line: [clang -cc1 version 17.0.0 (clang-1700.0.13.5) default target arm64-apple-darwin24.5.0]
  ignore line: [ignoring nonexistent directory "/Library/Developer/CommandLineTools/SDKs/MacOSX15.5.sdk/usr/local/include"]
  ignore line: [ignoring nonexistent directory "/Library/Developer/CommandLineTools/SDKs/MacOSX15.5.sdk/System/Library/SubFrameworks"]
  ignore line: [ignoring nonexistent directory "/Library/Developer/CommandLineTools/SDKs/MacOSX15.5.sdk/Library/Frameworks"]
  ignore line: [#include "..." search starts here:]
  ignore line: [#include <...> search starts here:]
  ignore line: [ /Library/Developer/CommandLineTools/usr/lib/clang/17/include]
  ignore line: [ /Library/Developer/CommandLineTools/SDKs/MacOSX15.5.sdk/usr/include]
  ignore line: [ /Library/Developer/CommandLineTools/usr/include]
  ignore line: [ /Library/Developer/CommandLineTools/SDKs/MacOSX15.5.sdk/System/Library/Frameworks (framework directory)]
  ignore line: [End of search list.]
  ignore line: [Linking C executable cmTC_bb40a]
  ignore line: [/opt/homebrew/Cellar/cmake/3.25.1/bin/cmake -E cmake_link_script CMakeFiles/cmTC_bb40a.dir/link.txt --verbose=1]
  ignore line: [/usr/bin/clang  -arch arm64 -isysroot /Library/Developer/CommandLineTools/SDKs/MacOSX15.5.sdk -Wl -search_paths_first -Wl -headerpad_max_install_names  -v -Wl -v CMakeFiles/cmTC_bb40a.dir/CMakeCCompilerABI.c.o -o cmTC_bb40a ]
  ignore line: [Apple clang version 17.0.0 (clang-1700.0.13.5)]
  ignore line: [Target: arm64-apple-darwin24.5.0]
  ignore line: [Thread model: posix]
  ignore line: [InstalledDir: /Library/Developer/CommandLineTools/usr/bin]
  link line: [ "/Library/Developer/CommandLineTools/usr/bin/ld" -demangle -lto_library /Library/Developer/CommandLineTools/usr/lib/libLTO.dylib -dynamic -arch arm64 -platform_version macos 15.0.0 15.5 -syslibroot /Library/Developer/CommandLineTools/SDKs/MacOSX15.5.sdk -mllvm -enable-linkonceodr-outlining -o cmTC_bb40a -search_paths_first -headerpad_max_install_names -v CMakeFiles/cmTC_bb40a.dir/CMakeCCompilerABI.c.o -lSystem /Library/Developer/CommandLineTools/usr/lib/clang/17/lib/darwin/libclang_rt.osx.a]
    arg [/Library/Developer/CommandLineTools/usr/bin/ld] ==> ignore
    arg [-demangle] ==> ignore
    arg [-lto_library] ==> ignore, skip following value
    arg [/Library/Developer/CommandLineTools/usr/lib/libLTO.dylib] ==> skip value of -lto_library
    arg [-dynamic] ==> ignore
    arg [-arch] ==> ignore
    arg [arm64] ==> ignore
    arg [-platform_version] ==> ignore
    arg [macos] ==> ignore
    arg [15.0.0] ==> ignore
    arg [15.5] ==> ignore
    arg [-syslibroot] ==> ignore
    arg [/Library/Developer/CommandLineTools/SDKs/MacOSX15.5.sdk] ==> ignore
    arg [-mllvm] ==> ignore
    arg [-enable-linkonceodr-outlining] ==> ignore
    arg [-o] ==> ignore
    arg [cmTC_bb40a] ==> ignore
    arg [-search_paths_first] ==> ignore
    arg [-headerpad_max_install_names] ==> ignore
    arg [-v] ==> ignore
    arg [CMakeFiles/cmTC_bb40a.dir/CMakeCCompilerABI.c.o] ==> ignore
    arg [-lSystem] ==> lib [System]
    arg [/Library/Developer/CommandLineTools/usr/lib/clang/17/lib/darwin/libclang_rt.osx.a] ==> lib [/Library/Developer/CommandLineTools/usr/lib/clang/17/lib/darwin/libclang_rt.osx.a]
  Library search paths: [;/Library/Developer/CommandLineTools/SDKs/MacOSX15.5.sdk/usr/lib;/Library/Developer/CommandLineTools/SDKs/MacOSX15.5.sdk/usr/lib/swift]
  Framework search paths: [;/Library/Developer/CommandLineTools/SDKs/MacOSX15.5.sdk/System/Library/Frameworks]
  remove lib [System]
  remove lib [/Library/Developer/CommandLineTools/usr/lib/clang/17/lib/darwin/libclang_rt.osx.a]
  collapse library dir [/Library/Developer/CommandLineTools/SDKs/MacOSX15.5.sdk/usr/lib] ==> [/Library/Developer/CommandLineTools/SDKs/MacOSX15.5.sdk/usr/lib]
  collapse library dir [/Library/Developer/CommandLineTools/SDKs/MacOSX15.5.sdk/usr/lib/swift] ==> [/Library/Developer/CommandLineTools/SDKs/MacOSX15.5.sdk/usr/lib/swift]
  collapse framework dir [/Library/Developer/CommandLineTools/SDKs/MacOSX15.5.sdk/System/Library/Frameworks] ==> [/Library/Developer/CommandLineTools/SDKs/MacOSX15.5.sdk/System/Library/Frameworks]
  implicit libs: []
  implicit objs: []
  implicit dirs: [/Library/Developer/CommandLineTools/SDKs/MacOSX15.5.sdk/usr/lib;/Library/Developer/CommandLineTools/SDKs/MacOSX15.5.sdk/usr/lib/swift]
  implicit fwks: [/Library/Developer/CommandLineTools/SDKs/MacOSX15.5.sdk/System/Library/Frameworks]


Detecting CXX compiler ABI info compiled with the following output:
Change Dir: /Users/ggoshab/cpp/console-heart/out/build/Clang/CMakeFiles/CMakeScratch/TryCompile-SVoa5m

Run Build Command(s):/usr/bin/make -f Makefile cmTC_c8355/fast && /Library/Developer/CommandLineTools/usr/bin/make  -f CMakeFiles/cmTC_c8355.dir/build.make CMakeFiles/cmTC_c8355.dir/build
Building CXX object CMakeFiles/cmTC_c8355.dir/CMakeCXXCompilerABI.cpp.o
/usr/bin/clang++   -arch arm64 -isysroot /Library/Developer/CommandLineTools/SDKs/MacOSX15.5.sdk   -v -Wl,-v -MD -MT CMakeFiles/cmTC_c8355.dir/CMakeCXXCompilerABI.cpp.o -MF CMakeFiles/cmTC_c8355.dir/CMakeCXXCompilerABI.cpp.o.d -o CMakeFiles/cmTC_c8355.dir/CMakeCXXCompilerABI.cpp.o -c /opt/homebrew/Cellar/cmake/3.25.1/share/cmake/Modules/CMakeCXXCompilerABI.cpp
Apple clang version 17.0.0 (clang-1700.0.13.5)
Target: arm64-apple-darwin24.5.0
Thread model: posix
InstalledDir: /Library/Developer/CommandLineTools/usr/bin
clang++: warning: -Wl,-v: 'linker' input unused [-Wunused-command-line-argument]
ignoring nonexistent directory "/Library/Developer/CommandLineTools/usr/bin/../include/c++/v1"
 "/Library/Developer/CommandLineTools/usr/bin/clang" -cc1 -triple arm64-apple-macosx15.0.0 -Wundef-prefix=TARGET_OS_ -Wdeprecated-objc-isa-usage -Werror=deprecated-objc-isa-usage -Werror=implicit-function-declaration -emit-obj -disable-free -clear-ast-before-backend -disable-llvm-verifier -discard-value-names -main-file-name CMakeCXXCompilerABI.cpp -mrelocation-model pic -pic-level 2 -mframe-pointer=non-leaf -fno-strict-return -ffp-contract=on -fno-rounding-math -funwind-tables=1 -fobjc-msgsend-selector-stubs -target-sdk-version=15.5 -fvisibility-inlines-hidden-static-local-var -fdefine-target-os-macros -fno-assume-unique-vtables -fno-modulemap-allow-subdirectory-search -target-cpu apple-m1 -target-feature +zcm -target-feature +zcz -target-feature +v8.5a -target-feature +aes -target-feature +altnzcv -target-feature +ccdp -target-feature +complxnum -target-feature +crc -target-feature +dotprod -target-feature +fp-armv8 -target-feature +fp16fml -target-feature +fptoint -target-feature +fullfp16 -target-feature +jsconv -target-feature +lse -target-feature +neon -target-feature +pauth -target-feature +perfmon -target-feature +predres -target-feature +ras -target-feature +rcpc -target-feature +rdm -target-feature +sb -target-feature +sha2 -target-feature +sha3 -target-feature +specrestrict -target-feature +ssbs -target-abi darwinpcs -debugger-tuning=lldb -fdebug-compilation-dir=/Users/ggoshab/cpp/console-heart/out/build/Clang/CMakeFiles/CMakeScratch/TryCompile-SVoa5m -target-linker-version 1167.5 -v -fcoverage-compilation-dir=/Users/ggoshab/cpp/console-heart/out/build/Clang/CMakeFiles/CMakeScratch/TryCompile-SVoa5m -resource-dir /Library/Developer/CommandLineTools/usr/lib/clang/17 -dependency-file CMakeFiles/cmTC_c8355.dir/CMakeCXXCompilerABI.cpp.o.d -skip-unused-modulemap-deps -MT CMakeFiles/cmTC_c8355.dir/CMakeCXXCompilerABI.cpp.o -sys-header-deps -isysroot /Library/Developer/CommandLineTools/SDKs/MacOSX15.5.sdk -internal-isystem /Library/Developer/CommandLineTools/SDKs/MacOSX15.5.sdk/usr/include/c++/v1 -internal-isystem /Library/Developer/CommandLineTools/SDKs/MacOSX15.5.sdk/usr/local/include -internal-isystem /Library/Developer/CommandLineTools/usr/lib/clang/17/include -internal-externc-isystem /Library/Developer/CommandLineTools/SDKs/MacOSX15.5.sdk/usr/include -internal-externc-isystem /Library/Developer/CommandLineTools/usr/include -Wno-reorder-init-list -Wno-implicit-int-float-conversion -Wno-c99-designator -Wno-final-dtor-non-final-class -Wno-extra-semi-stmt -Wno-misleading-indentation -Wno-quoted-include-in-framework-header -Wno-implicit-fallthrough -Wno-enum-enum-conversion -Wno-enum-float-conversion -Wno-elaborated-enum-base -Wno-reserved-identifier -Wno-gnu-folding-constant -fdeprecated-macro -ferror-limit 19 -stack-protector 1 -fstack-check -mdarwin-stkchk-strong-link -fblocks -fencode-extended-block-signature -fregister-global-dtors-with-atexit -fgnuc-version=4.2.1 -fno-cxx-modules -fskip-odr-check-in-gmf -fcxx-exceptions -fexceptions -fmax-type-align=16 -fcommon -clang-vendor-feature=+disableNonDependentMemberExprInCurrentInstantiation -fno-odr-hash-protocols -clang-vendor-feature=+enableAggressiveVLAFolding -clang-vendor-feature=+revert09abecef7bbf -clang-vendor-feature=+thisNoAlignAttr -clang-vendor-feature=+thisNoNullAttr -clang-vendor-feature=+disableAtImportPrivateFrameworkInImplementationError -D__GCC_HAVE_DWARF2_CFI_ASM=1 -o CMakeFiles/cmTC_c8355.dir/CMakeCXXCompilerABI.cpp.o -x c++ /opt/homebrew/Cellar/cmake/3.25.1/share/cmake/Modules/CMakeCXXCompilerABI.cpp
clang -cc1 version 17.0.0 (clang-1700.0.13.5) default target arm64-apple-darwin24.5.0
ignoring nonexistent directory "/Library/Developer/CommandLineTools/SDKs/MacOSX15.5.sdk/usr/local/include"
ignoring nonexistent directory "/Library/Developer/CommandLineTools/SDKs/MacOSX15.5.sdk/System/Library/SubFrameworks"
ignoring nonexistent directory "/Library/Developer/CommandLineTools/SDKs/MacOSX15.5.sdk/Library/Frameworks"
#include "..." search starts here:
#include <...> search starts here:
 /Library/Developer/CommandLineTools/SDKs/MacOSX15.5.sdk/usr/include/c++/v1
 /Library/Developer/CommandLineTools/usr/lib/clang/17/include
 /Library/Developer/CommandLineTools/SDKs/MacOSX15.5.sdk/usr/include
 /Library/Developer/CommandLineTools/usr/include
 /Library/Developer/CommandLineTools/SDKs/MacOSX15.5.sdk/System/Library/Frameworks (framework directory)
End of search list.
Linking CXX executable cmTC_c8355
/opt/homebrew/Cellar/cmake/3.25.1/bin/cmake -E cmake_link_script CMakeFiles/cmTC_c8355.dir/link.txt --verbose=1
/usr/bin/clang++  -arch arm64 -isysroot /Library/Developer/CommandLineTools/SDKs/MacOSX15.5.sdk -Wl,-search_paths_first -Wl,-headerpad_max_install_names  -v -Wl,-v CMakeFiles/cmTC_c8355.dir/CMakeCXXCompilerABI.cpp.o -o cmTC_c8355 
Apple clang version 17.0.0 (clang-1700.0.13.5)
Target: arm64-apple-darwin24.5.0
Thread model: posix
InstalledDir: /Library/Developer/CommandLineTools/usr/bin
 "/Library/Developer/CommandLineTools/usr/bin/ld" -demangle -lto_library /Library/Developer/CommandLineTools/usr/lib/libLTO.dylib -dynamic -arch arm64 -platform_version macos 15.0.0 15.5 -syslibroot /Library/Developer/CommandLineTools/SDKs/MacOSX15.5.sdk -mllvm -enable-linkonceodr-outlining -o cmTC_c8355 -search_paths_first -headerpad_max_install_names -v CMakeFiles/cmTC_c8355.dir/CMakeCXXCompilerABI.cpp.o -lc++ -lSystem /Library/Developer/CommandLineTools/usr/lib/clang/17/lib/darwin/libclang_rt.osx.a
@(#)PROGRAM:ld PROJECT:ld-1167.5
BUILD 01:45:05 Apr 30 2025
configured to support archs: armv6 armv7 armv7s arm64 arm64e arm64_32 i386 x86_64 x86_64h armv6m armv7k armv7m armv7em
will use ld-classic for: armv6 armv7 armv7s i386 armv6m armv7k armv7m armv7em
LTO support using: LLVM version 17.0.0 (static support for 29, runtime is 29)
TAPI support using: Apple TAPI version 17.0.0 (tapi-1700.0.3.5)
Library search paths:
	/Library/Developer/CommandLineTools/SDKs/MacOSX15.5.sdk/usr/lib
	/Library/Developer/CommandLineTools/SDKs/MacOSX15.5.sdk/usr/lib/swift
Framework search paths:
	/Library/Developer/CommandLineTools/SDKs/MacOSX15.5.sdk/System/Library/Frameworks



Parsed CXX implicit include dir info from above output: rv=done
  found start of include info
  found start of implicit include info
    add: [/Library/Developer/CommandLineTools/SDKs/MacOSX15.5.sdk/usr/include/c++/v1]
    add: [/Library/Developer/CommandLineTools/usr/lib/clang/17/include]
    add: [/Library/Developer/CommandLineTools/SDKs/MacOSX15.5.sdk/usr/include]
    add: [/Library/Developer/CommandLineTools/usr/include]
  end of search list found
  collapse include dir [/Library/Developer/CommandLineTools/SDKs/MacOSX15.5.sdk/usr/include/c++/v1] ==> [/Library/Developer/CommandLineTools/SDKs/MacOSX15.5.sdk/usr/include/c++/v1]
  collapse include dir [/Library/Developer/CommandLineTools/usr/lib/clang/17/include] ==> [/Library/Developer/CommandLineTools/usr/lib/clang/17/include]
  collapse include dir [/Library/Developer/CommandLineTools/SDKs/MacOSX15.5.sdk/usr/include] ==> [/Library/Developer/CommandLineTools/SDKs/MacOSX15.5.sdk/usr/include]
  collapse include dir [/Library/Developer/CommandLineTools/usr/include] ==> [/Library/Developer/CommandLineTools/usr/include]
  implicit include dirs: [/Library/Developer/CommandLineTools/SDKs/MacOSX15.5.sdk/usr/include/c++/v1;/Library/Developer/CommandLineTools/usr/lib/clang/17/include;/Library/Developer/CommandLineTools/SDKs/MacOSX15.5.sdk/usr/include;/Library/Developer/CommandLineTools/usr/include]


Parsed CXX implicit link information from above output:
  link line regex: [^( *|.*[/\])(ld|CMAKE_LINK_STARTFILE-NOTFOUND|([^/\]+-)?ld|collect2)[^/\]*( |$)]
  ignore line: [Change Dir: /Users/ggoshab/cpp/console-heart/out/build/Clang/CMakeFiles/CMakeScratch/TryCompile-SVoa5m]
  ignore line: []
  ignore line: [Run Build Command(s):/usr/bin/make -f Makefile cmTC_c8355/fast && /Library/Developer/CommandLineTools/usr/bin/make  -f CMakeFiles/cmTC_c8355.dir/build.make CMakeFiles/cmTC_c8355.dir/build]
  ignore line: [Building CXX object CMakeFiles/cmTC_c8355.dir/CMakeCXXCompilerABI.cpp.o]
  ignore line: [/usr/bin/clang++   -arch arm64 -isysroot /Library/Developer/CommandLineTools/SDKs/MacOSX15.5.sdk   -v -Wl -v -MD -MT CMakeFiles/cmTC_c8355.dir/CMakeCXXCompilerABI.cpp.o -MF CMakeFiles/cmTC_c8355.dir/CMakeCXXCompilerABI.cpp.o.d -o CMakeFiles/cmTC_c8355.dir/CMakeCXXCompilerABI.cpp.o -c /opt/homebrew/Cellar/cmake/3.25.1/share/cmake/Modules/CMakeCXXCompilerABI.cpp]
  ignore line: [Apple clang version 17.0.0 (clang-1700.0.13.5)]
  ignore line: [Target: arm64-apple-darwin24.5.0]
  ignore line: [Thread model: posix]
  ignore line: [InstalledDir: /Library/Developer/CommandLineTools/usr/bin]
  ignore line: [clang++: warning: -Wl -v: 'linker' input unused [-Wunused-command-line-argument]]
  ignore line: [ignoring nonexistent directory "/Library/Developer/CommandLineTools/usr/bin/../include/c++/v1"]
  ignore line: [ "/Library/Developer/CommandLineTools/usr/bin/clang" -cc1 -triple arm64-apple-macosx15.0.0 -Wundef-prefix=TARGET_OS_ -Wdeprecated-objc-isa-usage -Werror=deprecated-objc-isa-usage -Werror=implicit-function-declaration -emit-obj -disable-free -clear-ast-before-backend -disable-llvm-verifier -discard-value-names -main-file-name CMakeCXXCompilerABI.cpp -mrelocation-model pic -pic-level 2 -mframe-pointer=non-leaf -fno-strict-return -ffp-contract=on -fno-rounding-math -funwind-tables=1 -fobjc-msgsend-selector-stubs -target-sdk-version=15.5 -fvisibility-inlines-hidden-static-local-var -fdefine-target-os-macros -fno-assume-unique-vtables -fno-modulemap-allow-subdirectory-search -target-cpu apple-m1 -target-feature +zcm -target-feature +zcz -target-feature +v8.5a -target-feature +aes -target-feature +altnzcv -target-feature +ccdp -target-feature +complxnum -target-feature +crc -target-feature +dotprod -target-feature +fp-armv8 -target-feature +fp16fml -target-feature +fptoint -target-feature +fullfp16 -target-feature +jsconv -target-feature +lse -target-feature +neon -target-feature +pauth -target-feature +perfmon -target-feature +predres -target-feature +ras -target-feature +rcpc -target-feature +rdm -target-feature +sb -target-feature +sha2 -target-feature +sha3 -target-feature +specrestrict -target-feature +ssbs -target-abi darwinpcs -debugger-tuning=lldb -fdebug-compilation-dir=/Users/ggoshab/cpp/console-heart/out/build/Clang/CMakeFiles/CMakeScratch/TryCompile-SVoa5m -target-linker-version 1167.5 -v -fcoverage-compilation-dir=/Users/ggoshab/cpp/console-heart/out/build/Clang/CMakeFiles/CMakeScratch/TryCompile-SVoa5m -resource-dir /Library/Developer/CommandLineTools/usr/lib/clang/17 -dependency-file CMakeFiles/cmTC_c8355.dir/CMakeCXXCompilerABI.cpp.o.d -skip-unused-modulemap-deps -MT CMakeFiles/cmTC_c8355.dir/CMakeCXXCompilerABI.cpp.o -sys-header-deps -isysroot /Library/Developer/CommandLineTools/SDKs/MacOSX15.5.sdk -internal-isystem /Library/Developer/CommandLineTools/SDKs/MacOSX15.5.sdk/usr/include/c++/v1 -internal-isystem /Library/Developer/CommandLineTools/SDKs/MacOSX15.5.sdk/usr/local/include -internal-isystem /Library/Developer/CommandLineTools/usr/lib/clang/17/include -internal-externc-isystem /Library/Developer/CommandLineTools/SDKs/MacOSX15.5.sdk/usr/include -internal-externc-isystem /Library/Developer/CommandLineTools/usr/include -Wno-reorder-init-list -Wno-implicit-int-float-conversion -Wno-c99-designator -Wno-final-dtor-non-final-class -Wno-extra-semi-stmt -Wno-misleading-indentation -Wno-quoted-include-in-framework-header -Wno-implicit-fallthrough -Wno-enum-enum-conversion -Wno-enum-float-conversion -Wno-elaborated-enum-base -Wno-reserved-identifier -Wno-gnu-folding-constant -fdeprecated-macro -ferror-limit 19 -stack-protector 1 -fstack-check -mdarwin-stkchk-strong-link -fblocks -fencode-extended-block-signature -fregister-global-dtors-with-atexit -fgnuc-version=4.2.1 -fno-cxx-modules -fskip-odr-check-in-gmf -fcxx-exceptions -fexceptions -fmax-type-align=16 -fcommon -clang-vendor-feature=+disableNonDependentMemberExprInCurrentInstantiation -fno-odr-hash-protocols -clang-vendor-feature=+enableAggressiveVLAFolding -clang-vendor-feature=+revert09abecef7bbf -clang-vendor-feature=+thisNoAlignAttr -clang-vendor-feature=+thisNoNullAttr -clang-vendor-feature=+disableAtImportPrivateFrameworkInImplementationError -D__GCC_HAVE_DWARF2_CFI_ASM=1 -o CMakeFiles/cmTC_c8355.dir/CMakeCXXCompilerABI.cpp.o -x c++ /opt/homebrew/Cellar/cmake/3.25.1/share/cmake/Modules/CMakeCXXCompilerABI.cpp]
  ignore line: [clang -cc1 version 17.0.0 (clang-1700.0.13.5) default target arm64-apple-darwin24.5.0]
  ignore line: [ignoring nonexistent directory "/Library/Developer/CommandLineTools/SDKs/MacOSX15.5.sdk/usr/local/include"]
  ignore line: [ignoring nonexistent directory "/Library/Developer/CommandLineTools/SDKs/MacOSX15.5.sdk/System/Library/SubFrameworks"]
  ignore line: [ignoring nonexistent directory "/Library/Developer/CommandLineTools/SDKs/MacOSX15.5.sdk/Library/Frameworks"]
  ignore line: [#include "..." search starts here:]
  ignore line: [#include <...> search starts here:]
  ignore line: [ /Library/Developer/CommandLineTools/SDKs/MacOSX15.5.sdk/usr/include/c++/v1]
  ignore line: [ /Library/Developer/CommandLineTools/usr/lib/clang/17/include]
  ignore line: [ /Library/Developer/CommandLineTools/SDKs/MacOSX15.5.sdk/usr/include]
  ignore line: [ /Library/Developer/CommandLineTools/usr/include]
  ignore line: [ /Library/Developer/CommandLineTools/SDKs/MacOSX15.5.sdk/System/Library/Frameworks (framework directory)]
  ignore line: [End of search list.]
  ignore line: [Linking CXX executable cmTC_c8355]
  ignore line: [/opt/homebrew/Cellar/cmake/3.25.1/bin/cmake -E cmake_link_script CMakeFiles/cmTC_c8355.dir/link.txt --verbose=1]
  ignore line: [/usr/bin/clang++  -arch arm64 -isysroot /Library/Developer/CommandLineTools/SDKs/MacOSX15.5.sdk -Wl -search_paths_first -Wl -headerpad_max_install_names  -v -Wl -v CMakeFiles/cmTC_c8355.dir/CMakeCXXCompilerABI.cpp.o -o cmTC_c8355 ]
  ignore line: [Apple clang version 17.0.0 (clang-1700.0.13.5)]
  ignore line: [Target: arm64-apple-darwin24.5.0]
  ignore line: [Thread model: posix]
  ignore line: [InstalledDir: /Library/Developer/CommandLineTools/usr/bin]
  link line: [ "/Library/Developer/CommandLineTools/usr/bin/ld" -demangle -lto_library /Library/Developer/CommandLineTools/usr/lib/libLTO.dylib -dynamic -arch arm64 -platform_version macos 15.0.0 15.5 -syslibroot /Library/Developer/CommandLineTools/SDKs/MacOSX15.5.sdk -mllvm -enable-linkonceodr-outlining -o cmTC_c8355 -search_paths_first -headerpad_max_install_names -v CMakeFiles/cmTC_c8355.dir/CMakeCXXCompilerABI.cpp.o -lc++ -lSystem /Library/Developer/CommandLineTools/usr/lib/clang/17/lib/darwin/libclang_rt.osx.a]
    arg [/Library/Developer/CommandLineTools/usr/bin/ld] ==> ignore
    arg [-demangle] ==> ignore
    arg [-lto_library] ==> ignore, skip following value
    arg [/Library/Developer/CommandLineTools/usr/lib/libLTO.dylib] ==> skip value of -lto_library
    arg [-dynamic] ==> ignore
    arg [-arch] ==> ignore
    arg [arm64] ==> ignore
    arg [-platform_version] ==> ignore
    arg [macos] ==> ignore
    arg [15.0.0] ==> ignore
    arg [15.5] ==> ignore
    arg [-syslibroot] ==> ignore
    arg [/Library/Developer/CommandLineTools/SDKs/MacOSX15.5.sdk] ==> ignore
    arg [-mllvm] ==> ignore
    arg [-enable-linkonceodr-outlining] ==> ignore
    arg [-o] ==> ignore
    arg [cmTC_c8355] ==> ignore
    arg [-search_paths_first] ==> ignore
    arg [-headerpad_max_install_names] ==> ignore
    arg [-v] ==> ignore
    arg [CMakeFiles/cmTC_c8355.dir/CMakeCXXCompilerABI.cpp.o] ==> ignore
    arg [-lc++] ==> lib [c++]
    arg [-lSystem] ==> lib [System]
    arg [/Library/Developer/CommandLineTools/usr/lib/clang/17/lib/darwin/libclang_rt.osx.a] ==> lib [/Library/Developer/CommandLineTools/usr/lib/clang/17/lib/darwin/libclang_rt.osx.a]
  Library search paths: [;/Library/Developer/CommandLineTools/SDKs/MacOSX15.5.sdk/usr/lib;/Library/Developer/CommandLineTools/SDKs/MacOSX15.5.sdk/usr/lib/swift]
  Framework search paths: [;/Library/Developer/CommandLineTools/SDKs/MacOSX15.5.sdk/System/Library/Frameworks]
  remove lib [System]
  remove lib [/Library/Developer/CommandLineTools/usr/lib/clang/17/lib/darwin/libclang_rt.osx.a]
  collapse library dir [/Library/Developer/CommandLineTools/SDKs/MacOSX15.5.sdk/usr/lib] ==> [/Library/Developer/CommandLineTools/SDKs/MacOSX15.5.sdk/usr/lib]
  collapse library dir [/Library/Developer/CommandLineTools/SDKs/MacOSX15.5.sdk/usr/lib/swift] ==> [/Library/Developer/CommandLineTools/SDKs/MacOSX15.5.sdk/usr/lib/swift]
  collapse framework dir [/Library/Developer/CommandLineTools/SDKs/MacOSX15.5.sdk/System/Library/Frameworks] ==> [/Library/Developer/CommandLineTools/SDKs/MacOSX15.5.sdk/System/Library/Frameworks]
  implicit libs: [c++]
  implicit objs: []
  implicit dirs: [/Library/Developer/CommandLineTools/SDKs/MacOSX15.5.sdk/usr/lib;/Library/Developer/CommandLineTools/SDKs/MacOSX15.5.sdk/usr/lib/swift]
  implicit fwks: [/Library/Developer/CommandLineTools/SDKs/MacOSX15.5.sdk/System/Library/Frameworks]


